Ano;Mes;Clasificacion;Categoria;Subcategoria;Valor
2021;Agosto;B;Pasiva (B1);;103380
2021;Agosto;B;Activa (B2);;18454
2021;Agosto;C;;;10972
2021;Agosto;D;News and entertainment;Adult;130
2021;Agosto;D;Business;Advertising;554
2021;Agosto;D;Retail;Auctions;13
2021;Agosto;D;News and entertainment;Blogs;12
2021;Agosto;D;News and entertainment;Books;509
2021;Agosto;D;Business;Consultancy;1239
2021;Agosto;D;General services;Crowfunding;2
2021;Agosto;D;General services;Dating;597
2021;Agosto;D;News and entertainment;e-learning;284
2021;Agosto;D;Business;Finance;586
2021;Agosto;D;Leisure;Flights;129
2021;Agosto;D;Leisure;Food;1084
2021;Agosto;D;News and entertainment;Gambling;118
2021;Agosto;D;News and entertainment;Games;120
2021;Agosto;D;Leisure;Holidays;2932
2021;Agosto;D;Leisure;Hotels;1237
2021;Agosto;D;Retail;Housing;2055
2021;Agosto;D;Business;Jobs;61
2021;Agosto;D;News and entertainment;News;2731
2021;Agosto;D;General services;Online payment;44
2021;Agosto;D;Retail;Online trade;568
2021;Agosto;D;Retail;Tickets;59
2021;Agosto;D;General services;Transport;453
2021;Agosto;D;News and entertainment;Videos, music;1368
2021;Agosto;D;General services;Visualisations;50
2021;Agosto;D;News and entertainment;Vlogs;7
2021;Agosto;E;Websites and app;App design, developing;344
2021;Agosto;E;Cloud & Hosting;Backup services;20
2021;Agosto;E;Cloud & Hosting;Database services;50
2021;Agosto;E;Datamining & Big Data;Datamining & Big Data;170
2021;Agosto;E;Infrastructure and cybersecurity;Firewalls;101
2021;Agosto;E;Infrastructure and cybersecurity;Hardware;84
2021;Agosto;E;Marketing and consultancy;Internet consultancy;93
2021;Agosto;E;Marketing and consultancy;Internet marketing;1354
2021;Agosto;E;Software;Sofware services;367
2021;Agosto;E;Websites and app;Web design, developing;2756
2021;Agosto;E;Cloud & Hosting;Webhosting;763
2021;Septiembre;B;Pasiva (B1);;100213
2021;Septiembre;B;Activa (B2);;17955
2021;Septiembre;C;;;9476
2021;Septiembre;D;News and entertainment;Adult;141
2021;Septiembre;D;Business;Advertising;538
2021;Septiembre;D;Retail;Auctions;12
2021;Septiembre;D;News and entertainment;Blogs;11
2021;Septiembre;D;News and entertainment;Books;489
2021;Septiembre;D;Business;Consultancy;1219
2021;Septiembre;D;General services;Crowfunding;2
2021;Septiembre;D;General services;Dating;576
2021;Septiembre;D;News and entertainment;e-learning;269
2021;Septiembre;D;Business;Finance;562
2021;Septiembre;D;Leisure;Flights;130
2021;Septiembre;D;Leisure;Food;1094
2021;Septiembre;D;News and entertainment;Gambling;120
2021;Septiembre;D;News and entertainment;Games;121
2021;Septiembre;D;Leisure;Holidays;2884
2021;Septiembre;D;Leisure;Hotels;1252
2021;Septiembre;D;Retail;Housing;2065
2021;Septiembre;D;Business;Jobs;56
2021;Septiembre;D;News and entertainment;News;2711
2021;Septiembre;D;General services;Online payment;39
2021;Septiembre;D;Retail;Online trade;561
2021;Septiembre;D;Retail;Tickets;61
2021;Septiembre;D;General services;Transport;443
2021;Septiembre;D;News and entertainment;Videos, music;1304
2021;Septiembre;D;General services;Visualisations;51
2021;Septiembre;D;News and entertainment;Vlogs;6
2021;Septiembre;E;Websites and app;App design, developing;339
2021;Septiembre;E;Cloud & Hosting;Backup services;16
2021;Septiembre;E;Cloud & Hosting;Database services;43
2021;Septiembre;E;Datamining & Big Data;Datamining & Big Data;181
2021;Septiembre;E;Infrastructure and cybersecurity;Firewalls;94
2021;Septiembre;E;Infrastructure and cybersecurity;Hardware;81
2021;Septiembre;E;Marketing and consultancy;Internet consultancy;94
2021;Septiembre;E;Marketing and consultancy;Internet marketing;1296
2021;Septiembre;E;Software;Sofware services;351
2021;Septiembre;E;Websites and app;Web design, developing;2703
2021;Septiembre;E;Cloud & Hosting;Webhosting;775
2021;Octubre;B;Pasiva (B1);;100073
2021;Octubre;B;Activa (B2);;17968
2021;Octubre;C;;;9143
2021;Octubre;D;News and entertainment;Adult;147
2021;Octubre;D;Business;Advertising;549
2021;Octubre;D;Retail;Auctions;13
2021;Octubre;D;News and entertainment;Blogs;16
2021;Octubre;D;News and entertainment;Books;511
2021;Octubre;D;Business;Consultancy;1247
2021;Octubre;D;General services;Crowfunding;3
2021;Octubre;D;General services;Dating;574
2021;Octubre;D;News and entertainment;e-learning;274
2021;Octubre;D;Business;Finance;573
2021;Octubre;D;Leisure;Flights;125
2021;Octubre;D;Leisure;Food;1094
2021;Octubre;D;News and entertainment;Gambling;120
2021;Octubre;D;News and entertainment;Games;121
2021;Octubre;D;Leisure;Holidays;2987
2021;Octubre;D;Leisure;Hotels;1227
2021;Octubre;D;Retail;Housing;2113
2021;Octubre;D;Business;Jobs;67
2021;Octubre;D;News and entertainment;News;2677
2021;Octubre;D;General services;Online payment;48
2021;Octubre;D;Retail;Online trade;546
2021;Octubre;D;Retail;Tickets;60
2021;Octubre;D;General services;Transport;449
2021;Octubre;D;News and entertainment;Videos, music;1274
2021;Octubre;D;General services;Visualisations;51
2021;Octubre;D;News and entertainment;Vlogs;8
2021;Octubre;E;Websites and app;App design, developing;341
2021;Octubre;E;Cloud & Hosting;Backup services;17
2021;Octubre;E;Cloud & Hosting;Database services;44
2021;Octubre;E;Datamining & Big Data;Datamining & Big Data;176
2021;Octubre;E;Infrastructure and cybersecurity;Firewalls;100
2021;Octubre;E;Infrastructure and cybersecurity;Hardware;73
2021;Octubre;E;Marketing and consultancy;Internet consultancy;97
2021;Octubre;E;Marketing and consultancy;Internet marketing;1362
2021;Octubre;E;Software;Sofware services;358
2021;Octubre;E;Websites and app;Web design, developing;2649
2021;Octubre;E;Cloud & Hosting;Webhosting;766
2021;Noviembre;B;Pasiva (B1);;104497
2021;Noviembre;B;Activa (B2);;17358
2021;Noviembre;C;;;8955
2021;Noviembre;D;News and entertainment;Adult;123
2021;Noviembre;D;Business;Advertising;511
2021;Noviembre;D;Retail;Auctions;11
2021;Noviembre;D;News and entertainment;Blogs;20
2021;Noviembre;D;News and entertainment;Books;473
2021;Noviembre;D;Business;Consultancy;1165
2021;Noviembre;D;General services;Crowfunding;1
2021;Noviembre;D;General services;Dating;537
2021;Noviembre;D;News and entertainment;e-learning;261
2021;Noviembre;D;Business;Finance;549
2021;Noviembre;D;Leisure;Flights;114
2021;Noviembre;D;Leisure;Food;1051
2021;Noviembre;D;News and entertainment;Gambling;122
2021;Noviembre;D;News and entertainment;Games;115
2021;Noviembre;D;Leisure;Holidays;2783
2021;Noviembre;D;Leisure;Hotels;1124
2021;Noviembre;D;Retail;Housing;1948
2021;Noviembre;D;Business;Jobs;63
2021;Noviembre;D;News and entertainment;News;2477
2021;Noviembre;D;General services;Online payment;33
2021;Noviembre;D;Retail;Online trade;492
2021;Noviembre;D;Retail;Tickets;62
2021;Noviembre;D;General services;Transport;397
2021;Noviembre;D;News and entertainment;Videos, music;1192
2021;Noviembre;D;General services;Visualisations;46
2021;Noviembre;D;News and entertainment;Vlogs;5
2021;Noviembre;E;Websites and app;App design, developing;295
2021;Noviembre;E;Cloud & Hosting;Backup services;16
2021;Noviembre;E;Cloud & Hosting;Database services;40
2021;Noviembre;E;Datamining & Big Data;Datamining & Big Data;186
2021;Noviembre;E;Infrastructure and cybersecurity;Firewalls;91
2021;Noviembre;E;Infrastructure and cybersecurity;Hardware;72
2021;Noviembre;E;Marketing and consultancy;Internet consultancy;90
2021;Noviembre;E;Marketing and consultancy;Internet marketing;1282
2021;Noviembre;E;Software;Sofware services;314
2021;Noviembre;E;Websites and app;Web design, developing;2502
2021;Noviembre;E;Cloud & Hosting;Webhosting;717
2021;Diciembre;B;Pasiva (B1);;103251
2021;Diciembre;B;Activa (B2);;18884
2021;Diciembre;C;;;10674
2021;Diciembre;D;News and entertainment;Adult;156
2021;Diciembre;D;Business;Advertising;569
2021;Diciembre;D;Retail;Auctions;14
2021;Diciembre;D;News and entertainment;Blogs;27
2021;Diciembre;D;News and entertainment;Books;577
2021;Diciembre;D;Business;Consultancy;1316
2021;Diciembre;D;General services;Crowfunding;3
2021;Diciembre;D;General services;Dating;598
2021;Diciembre;D;News and entertainment;e-learning;317
2021;Diciembre;D;Business;Finance;666
2021;Diciembre;D;Leisure;Flights;127
2021;Diciembre;D;Leisure;Food;1196
2021;Diciembre;D;News and entertainment;Gambling;139
2021;Diciembre;D;News and entertainment;Games;141
2021;Diciembre;D;Leisure;Holidays;3146
2021;Diciembre;D;Leisure;Hotels;1304
2021;Diciembre;D;Retail;Housing;2247
2021;Diciembre;D;Business;Jobs;69
2021;Diciembre;D;News and entertainment;News;2939
2021;Diciembre;D;General services;Online payment;44
2021;Diciembre;D;Retail;Online trade;559
2021;Diciembre;D;Retail;Tickets;62
2021;Diciembre;D;General services;Transport;474
2021;Diciembre;D;News and entertainment;Videos, music;1380
2021;Diciembre;D;General services;Visualisations;58
2021;Diciembre;D;News and entertainment;Vlogs;6
2021;Diciembre;E;Websites and app;App design, developing;354
2021;Diciembre;E;Cloud & Hosting;Backup services;22
2021;Diciembre;E;Cloud & Hosting;Database services;49
2021;Diciembre;E;Datamining & Big Data;Datamining & Big Data;207
2021;Diciembre;E;Infrastructure and cybersecurity;Firewalls;109
2021;Diciembre;E;Infrastructure and cybersecurity;Hardware;89
2021;Diciembre;E;Marketing and consultancy;Internet consultancy;105
2021;Diciembre;E;Marketing and consultancy;Internet marketing;1445
2021;Diciembre;E;Software;Sofware services;360
2021;Diciembre;E;Websites and app;Web design, developing;2824
2021;Diciembre;E;Cloud & Hosting;Webhosting;776
2022;Enero;B;Pasiva (B1);;98700
2022;Enero;B;Activa (B2);;17788
2022;Enero;C;;;10287
2022;Enero;D;News and entertainment;Adult;138
2022;Enero;D;Business;Advertising;536
2022;Enero;D;Retail;Auctions;14
2022;Enero;D;News and entertainment;Blogs;24
2022;Enero;D;News and entertainment;Books;559
2022;Enero;D;Business;Consultancy;1268
2022;Enero;D;General services;Crowfunding;3
2022;Enero;D;General services;Dating;587
2022;Enero;D;News and entertainment;e-learning;294
2022;Enero;D;Business;Finance;639
2022;Enero;D;Leisure;Flights;126
2022;Enero;D;Leisure;Food;1135
2022;Enero;D;News and entertainment;Gambling;173
2022;Enero;D;News and entertainment;Games;134
2022;Enero;D;Leisure;Holidays;3061
2022;Enero;D;Leisure;Hotels;1270
2022;Enero;D;Retail;Housing;2153
2022;Enero;D;Business;Jobs;77
2022;Enero;D;News and entertainment;News;2849
2022;Enero;D;General services;Online payment;49
2022;Enero;D;Retail;Online trade;563
2022;Enero;D;Retail;Tickets;60
2022;Enero;D;General services;Transport;446
2022;Enero;D;News and entertainment;Videos, music;1294
2022;Enero;D;General services;Visualisations;57
2022;Enero;D;News and entertainment;Vlogs;8
2022;Enero;E;Websites and app;App design, developing;334
2022;Enero;E;Cloud & Hosting;Backup services;20
2022;Enero;E;Cloud & Hosting;Database services;55
2022;Enero;E;Datamining & Big Data;Datamining & Big Data;206
2022;Enero;E;Infrastructure and cybersecurity;Firewalls;101
2022;Enero;E;Infrastructure and cybersecurity;Hardware;86
2022;Enero;E;Marketing and consultancy;Internet consultancy;99
2022;Enero;E;Marketing and consultancy;Internet marketing;1367
2022;Enero;E;Software;Sofware services;331
2022;Enero;E;Websites and app;Web design, developing;2710
2022;Enero;E;Cloud & Hosting;Webhosting;771
2022;Febrero;B;Pasiva (B1);;92195
2022;Febrero;B;Activa (B2);;16530
2022;Febrero;C;;;9848
2022;Febrero;D;News and entertainment;Adult;126
2022;Febrero;D;Business;Advertising;527
2022;Febrero;D;Retail;Auctions;14
2022;Febrero;D;News and entertainment;Blogs;18
2022;Febrero;D;News and entertainment;Books;528
2022;Febrero;D;Business;Consultancy;1217
2022;Febrero;D;General services;Crowfunding;2
2022;Febrero;D;General services;Dating;552
2022;Febrero;D;News and entertainment;e-learning;254
2022;Febrero;D;Business;Finance;625
2022;Febrero;D;Leisure;Flights;125
2022;Febrero;D;Leisure;Food;1058
2022;Febrero;D;News and entertainment;Gambling;172
2022;Febrero;D;News and entertainment;Games;112
2022;Febrero;D;Leisure;Holidays;2975
2022;Febrero;D;Leisure;Hotels;1234
2022;Febrero;D;Retail;Housing;2025
2022;Febrero;D;Business;Jobs;72
2022;Febrero;D;News and entertainment;News;2734
2022;Febrero;D;General services;Online payment;47
2022;Febrero;D;Retail;Online trade;522
2022;Febrero;D;Retail;Tickets;59
2022;Febrero;D;General services;Transport;434
2022;Febrero;D;News and entertainment;Videos, music;1268
2022;Febrero;D;General services;Visualisations;51
2022;Febrero;D;News and entertainment;Vlogs;10
2022;Febrero;E;Websites and app;App design, developing;332
2022;Febrero;E;Cloud & Hosting;Backup services;22
2022;Febrero;E;Cloud & Hosting;Database services;52
2022;Febrero;E;Datamining & Big Data;Datamining & Big Data;201
2022;Febrero;E;Infrastructure and cybersecurity;Firewalls;99
2022;Febrero;E;Infrastructure and cybersecurity;Hardware;81
2022;Febrero;E;Marketing and consultancy;Internet consultancy;94
2022;Febrero;E;Marketing and consultancy;Internet marketing;1304
2022;Febrero;E;Software;Sofware services;334
2022;Febrero;E;Websites and app;Web design, developing;2595
2022;Febrero;E;Cloud & Hosting;Webhosting;739
2022;Marzo;B;Pasiva (B1);;95829
2022;Marzo;B;Activa (B2);;17293
2022;Marzo;C;;;10343
2022;Marzo;D;News and entertainment;Adult;131
2022;Marzo;D;Business;Advertising;536
2022;Marzo;D;Retail;Auctions;15
2022;Marzo;D;News and entertainment;Blogs;20
2022;Marzo;D;News and entertainment;Books;565
2022;Marzo;D;Business;Consultancy;1247
2022;Marzo;D;General services;Crowfunding;2
2022;Marzo;D;General services;Dating;544
2022;Marzo;D;News and entertainment;e-learning;293
2022;Marzo;D;Business;Finance;626
2022;Marzo;D;Leisure;Flights;123
2022;Marzo;D;Leisure;Food;1074
2022;Marzo;D;News and entertainment;Gambling;157
2022;Marzo;D;News and entertainment;Games;124
2022;Marzo;D;Leisure;Holidays;3032
2022;Marzo;D;Leisure;Hotels;1244
2022;Marzo;D;Retail;Housing;2092
2022;Marzo;D;Business;Jobs;70
2022;Marzo;D;News and entertainment;News;2765
2022;Marzo;D;General services;Online payment;50
2022;Marzo;D;Retail;Online trade;513
2022;Marzo;D;Retail;Tickets;57
2022;Marzo;D;General services;Transport;432
2022;Marzo;D;News and entertainment;Videos, music;1372
2022;Marzo;D;General services;Visualisations;50
2022;Marzo;D;News and entertainment;Vlogs;9
2022;Marzo;E;Websites and app;App design, developing;342
2022;Marzo;E;Cloud & Hosting;Backup services;20
2022;Marzo;E;Cloud & Hosting;Database services;48
2022;Marzo;E;Datamining & Big Data;Datamining & Big Data;210
2022;Marzo;E;Infrastructure and cybersecurity;Firewalls;102
2022;Marzo;E;Infrastructure and cybersecurity;Hardware;79
2022;Marzo;E;Marketing and consultancy;Internet consultancy;93
2022;Marzo;E;Marketing and consultancy;Internet marketing;1351
2022;Marzo;E;Software;Sofware services;335
2022;Marzo;E;Websites and app;Web design, developing;2667
2022;Marzo;E;Cloud & Hosting;Webhosting;725
2022;Abril;B;Pasiva (B1);;96756
2022;Abril;B;Activa (B2);;17461
2022;Abril;C;;;10255
2022;Abril;D;News and entertainment;Adult;144
2022;Abril;D;Business;Advertising;535
2022;Abril;D;Retail;Auctions;15
2022;Abril;D;News and entertainment;Blogs;19
2022;Abril;D;News and entertainment;Books;595
2022;Abril;D;Business;Consultancy;1243
2022;Abril;D;General services;Crowfunding;4
2022;Abril;D;General services;Dating;532
2022;Abril;D;News and entertainment;e-learning;324
2022;Abril;D;Business;Finance;623
2022;Abril;D;Leisure;Flights;132
2022;Abril;D;Leisure;Food;1101
2022;Abril;D;News and entertainment;Gambling;154
2022;Abril;D;News and entertainment;Games;138
2022;Abril;D;Leisure;Holidays;3112
2022;Abril;D;Leisure;Hotels;1222
2022;Abril;D;Retail;Housing;2102
2022;Abril;D;Business;Jobs;74
2022;Abril;D;News and entertainment;News;2810
2022;Abril;D;General services;Online payment;42
2022;Abril;D;Retail;Online trade;525
2022;Abril;D;Retail;Tickets;62
2022;Abril;D;General services;Transport;432
2022;Abril;D;News and entertainment;Videos, music;1390
2022;Abril;D;General services;Visualisations;51
2022;Abril;D;News and entertainment;Vlogs;9
2022;Abril;E;Websites and app;App design, developing;349
2022;Abril;E;Cloud & Hosting;Backup services;17
2022;Abril;E;Cloud & Hosting;Database services;53
2022;Abril;E;Datamining & Big Data;Datamining & Big Data;213
2022;Abril;E;Infrastructure and cybersecurity;Firewalls;112
2022;Abril;E;Infrastructure and cybersecurity;Hardware;76
2022;Abril;E;Marketing and consultancy;Internet consultancy;96
2022;Abril;E;Marketing and consultancy;Internet marketing;1351
2022;Abril;E;Software;Sofware services;341
2022;Abril;E;Websites and app;Web design, developing;2718
2022;Abril;E;Cloud & Hosting;Webhosting;683
2022;Mayo;B;Pasiva (B1);;94696
2022;Mayo;B;Activa (B2);;17057
2022;Mayo;C;;;10073
2022;Mayo;D;News and entertainment;Adult;133
2022;Mayo;D;Business;Advertising;508
2022;Mayo;D;Retail;Auctions;15
2022;Mayo;D;News and entertainment;Blogs;18
2022;Mayo;D;News and entertainment;Books;557
2022;Mayo;D;Business;Consultancy;1223
2022;Mayo;D;General services;Crowfunding;4
2022;Mayo;D;General services;Dating;474
2022;Mayo;D;News and entertainment;e-learning;307
2022;Mayo;D;Business;Finance;614
2022;Mayo;D;Leisure;Flights;122
2022;Mayo;D;Leisure;Food;1055
2022;Mayo;D;News and entertainment;Gambling;151
2022;Mayo;D;News and entertainment;Games;128
2022;Mayo;D;Leisure;Holidays;3057
2022;Mayo;D;Leisure;Hotels;1202
2022;Mayo;D;Retail;Housing;2053
2022;Mayo;D;Business;Jobs;67
2022;Mayo;D;News and entertainment;News;2751
2022;Mayo;D;General services;Online payment;46
2022;Mayo;D;Retail;Online trade;518
2022;Mayo;D;Retail;Tickets;60
2022;Mayo;D;General services;Transport;406
2022;Mayo;D;News and entertainment;Videos, music;1363
2022;Mayo;D;General services;Visualisations;48
2022;Mayo;D;News and entertainment;Vlogs;10
2022;Mayo;E;Websites and app;App design, developing;330
2022;Mayo;E;Cloud & Hosting;Backup services;18
2022;Mayo;E;Cloud & Hosting;Database services;49
2022;Mayo;E;Datamining & Big Data;Datamining & Big Data;208
2022;Mayo;E;Infrastructure and cybersecurity;Firewalls;111
2022;Mayo;E;Infrastructure and cybersecurity;Hardware;78
2022;Mayo;E;Marketing and consultancy;Internet consultancy;91
2022;Mayo;E;Marketing and consultancy;Internet marketing;1340
2022;Mayo;E;Software;Sofware services;347
2022;Mayo;E;Websites and app;Web design, developing;2658
2022;Mayo;E;Cloud & Hosting;Webhosting;649
2022;Junio;B;Pasiva (B1);;92291
2022;Junio;B;Activa (B2);;16543
2022;Junio;C;;;10031
2022;Junio;D;News and entertainment;Adult;127
2022;Junio;D;Business;Advertising;496
2022;Junio;D;Retail;Auctions;15
2022;Junio;D;News and entertainment;Blogs;18
2022;Junio;D;News and entertainment;Books;548
2022;Junio;D;Business;Consultancy;1195
2022;Junio;D;General services;Crowfunding;4
2022;Junio;D;General services;Dating;485
2022;Junio;D;News and entertainment;e-learning;296
2022;Junio;D;Business;Finance;618
2022;Junio;D;Leisure;Flights;124
2022;Junio;D;Leisure;Food;1048
2022;Junio;D;News and entertainment;Gambling;142
2022;Junio;D;News and entertainment;Games;119
2022;Junio;D;Leisure;Holidays;3045
2022;Junio;D;Leisure;Hotels;1173
2022;Junio;D;Retail;Housing;2018
2022;Junio;D;Business;Jobs;70
2022;Junio;D;News and entertainment;News;2719
2022;Junio;D;General services;Online payment;45
2022;Junio;D;Retail;Online trade;490
2022;Junio;D;Retail;Tickets;54
2022;Junio;D;General services;Transport;396
2022;Junio;D;News and entertainment;Videos, music;1314
2022;Junio;D;General services;Visualisations;50
2022;Junio;D;News and entertainment;Vlogs;10
2022;Junio;E;Websites and app;App design, developing;329
2022;Junio;E;Cloud & Hosting;Backup services;18
2022;Junio;E;Cloud & Hosting;Database services;48
2022;Junio;E;Datamining & Big Data;Datamining & Big Data;214
2022;Junio;E;Infrastructure and cybersecurity;Firewalls;107
2022;Junio;E;Infrastructure and cybersecurity;Hardware;81
2022;Junio;E;Marketing and consultancy;Internet consultancy;92
2022;Junio;E;Marketing and consultancy;Internet marketing;1291
2022;Junio;E;Software;Sofware services;336
2022;Junio;E;Websites and app;Web design, developing;2619
2022;Junio;E;Cloud & Hosting;Webhosting;648
2022;Julio;B;Pasiva (B1);;91891
2022;Julio;B;Activa (B2);;16426
2022;Julio;C;;;10301
2022;Julio;D;News and entertainment;Adult;134
2022;Julio;D;Business;Advertising;502
2022;Julio;D;Retail;Auctions;14
2022;Julio;D;News and entertainment;Blogs;18
2022;Julio;D;News and entertainment;Books;561
2022;Julio;D;Business;Consultancy;1200
2022;Julio;D;General services;Crowfunding;5
2022;Julio;D;General services;Dating;480
2022;Julio;D;News and entertainment;e-learning;303
2022;Julio;D;Business;Finance;612
2022;Julio;D;Leisure;Flights;124
2022;Julio;D;Leisure;Food;1067
2022;Julio;D;News and entertainment;Gambling;148
2022;Julio;D;News and entertainment;Games;121
2022;Julio;D;Leisure;Holidays;3085
2022;Julio;D;Leisure;Hotels;1208
2022;Julio;D;Retail;Housing;1994
2022;Julio;D;Business;Jobs;70
2022;Julio;D;News and entertainment;News;2713
2022;Julio;D;General services;Online payment;46
2022;Julio;D;Retail;Online trade;496
2022;Julio;D;Retail;Tickets;56
2022;Julio;D;General services;Transport;374
2022;Julio;D;News and entertainment;Videos, music;1308
2022;Julio;D;General services;Visualisations;49
2022;Julio;D;News and entertainment;Vlogs;8
2022;Julio;E;Websites and app;App design, developing;324
2022;Julio;E;Cloud & Hosting;Backup services;15
2022;Julio;E;Cloud & Hosting;Database services;52
2022;Julio;E;Datamining & Big Data;Datamining & Big Data;208
2022;Julio;E;Infrastructure and cybersecurity;Firewalls;113
2022;Julio;E;Infrastructure and cybersecurity;Hardware;79
2022;Julio;E;Marketing and consultancy;Internet consultancy;89
2022;Julio;E;Marketing and consultancy;Internet marketing;1317
2022;Julio;E;Software;Sofware services;336
2022;Julio;E;Websites and app;Web design, developing;2455
2022;Julio;E;Cloud & Hosting;Webhosting;639
2022;Agosto;B;Pasiva (B1);;90300
2022;Agosto;B;Activa (B2);;16503
2022;Agosto;C;;;10153
2022;Agosto;D;News and entertainment;Adult;142
2022;Agosto;D;Business;Advertising;497
2022;Agosto;D;Retail;Auctions;15
2022;Agosto;D;News and entertainment;Blogs;18
2022;Agosto;D;News and entertainment;Books;553
2022;Agosto;D;Business;Consultancy;1163
2022;Agosto;D;General services;Crowfunding;6
2022;Agosto;D;General services;Dating;484
2022;Agosto;D;News and entertainment;e-learning;275
2022;Agosto;D;Business;Finance;587
2022;Agosto;D;Leisure;Flights;113
2022;Agosto;D;Leisure;Food;1015
2022;Agosto;D;News and entertainment;Gambling;151
2022;Agosto;D;News and entertainment;Games;118
2022;Agosto;D;Leisure;Holidays;3109
2022;Agosto;D;Leisure;Hotels;1202
2022;Agosto;D;Retail;Housing;1963
2022;Agosto;D;Business;Jobs;65
2022;Agosto;D;News and entertainment;News;2655
2022;Agosto;D;General services;Online payment;44
2022;Agosto;D;Retail;Online trade;509
2022;Agosto;D;Retail;Tickets;55
2022;Agosto;D;General services;Transport;374
2022;Agosto;D;News and entertainment;Videos, music;1297
2022;Agosto;D;General services;Visualisations;50
2022;Agosto;D;News and entertainment;Vlogs;7
2022;Agosto;E;Websites and app;App design, developing;321
2022;Agosto;E;Cloud & Hosting;Backup services;17
2022;Agosto;E;Cloud & Hosting;Database services;47
2022;Agosto;E;Datamining & Big Data;Datamining & Big Data;200
2022;Agosto;E;Infrastructure and cybersecurity;Firewalls;93
2022;Agosto;E;Infrastructure and cybersecurity;Hardware;84
2022;Agosto;E;Marketing and consultancy;Internet consultancy;89
2022;Agosto;E;Marketing and consultancy;Internet marketing;1276
2022;Agosto;E;Software;Sofware services;328
2022;Agosto;E;Websites and app;Web design, developing;2310
2022;Agosto;E;Cloud & Hosting;Webhosting;632
2022;Septiembre;B;Pasiva (B1);;97300
2022;Septiembre;B;Activa (B2);;17518
2022;Septiembre;C;;;11605
2022;Septiembre;D;News and entertainment;Adult;132
2022;Septiembre;D;Business;Advertising;530
2022;Septiembre;D;Retail;Auctions;17
2022;Septiembre;D;News and entertainment;Blogs;15
2022;Septiembre;D;News and entertainment;Books;575
2022;Septiembre;D;Business;Consultancy;1259
2022;Septiembre;D;General services;Crowfunding;5
2022;Septiembre;D;General services;Dating;490
2022;Septiembre;D;News and entertainment;e-learning;298
2022;Septiembre;D;Business;Finance;639
2022;Septiembre;D;Leisure;Flights;121
2022;Septiembre;D;Leisure;Food;1116
2022;Septiembre;D;News and entertainment;Gambling;173
2022;Septiembre;D;News and entertainment;Games;124
2022;Septiembre;D;Leisure;Holidays;3162
2022;Septiembre;D;Leisure;Hotels;1243
2022;Septiembre;D;Retail;Housing;2212
2022;Septiembre;D;Business;Jobs;70
2022;Septiembre;D;News and entertainment;News;2902
2022;Septiembre;D;General services;Online payment;45
2022;Septiembre;D;Retail;Online trade;557
2022;Septiembre;D;Retail;Tickets;62
2022;Septiembre;D;General services;Transport;424
2022;Septiembre;D;News and entertainment;Videos, music;1370
2022;Septiembre;D;General services;Visualisations;52
2022;Septiembre;D;News and entertainment;Vlogs;11
2022;Septiembre;E;Websites and app;App design, developing;346
2022;Septiembre;E;Cloud & Hosting;Backup services;19
2022;Septiembre;E;Cloud & Hosting;Database services;54
2022;Septiembre;E;Datamining & Big Data;Datamining & Big Data;214
2022;Septiembre;E;Infrastructure and cybersecurity;Firewalls;126
2022;Septiembre;E;Infrastructure and cybersecurity;Hardware;88
2022;Septiembre;E;Marketing and consultancy;Internet consultancy;101
2022;Septiembre;E;Marketing and consultancy;Internet marketing;1352
2022;Septiembre;E;Software;Sofware services;328
2022;Septiembre;E;Websites and app;Web design, developing;2515
2022;Septiembre;E;Cloud & Hosting;Webhosting;655
2022;Octubre;B;Pasiva (B1);;104932
2022;Octubre;B;Activa (B2);;18674
2022;Octubre;C;;;12441
2022;Octubre;D;News and entertainment;Adult;136
2022;Octubre;D;Business;Advertising;522
2022;Octubre;D;Retail;Auctions;16
2022;Octubre;D;News and entertainment;Blogs;15
2022;Octubre;D;News and entertainment;Books;616
2022;Octubre;D;Business;Consultancy;1343
2022;Octubre;D;General services;Crowfunding;5
2022;Octubre;D;General services;Dating;517
2022;Octubre;D;News and entertainment;e-learning;303
2022;Octubre;D;Business;Finance;675
2022;Octubre;D;Leisure;Flights;127
2022;Octubre;D;Leisure;Food;1146
2022;Octubre;D;News and entertainment;Gambling;188
2022;Octubre;D;News and entertainment;Games;138
2022;Octubre;D;Leisure;Holidays;3270
2022;Octubre;D;Leisure;Hotels;1291
2022;Octubre;D;Retail;Housing;2300
2022;Octubre;D;Business;Jobs;83
2022;Octubre;D;News and entertainment;News;3095
2022;Octubre;D;General services;Online payment;57
2022;Octubre;D;Retail;Online trade;596
2022;Octubre;D;Retail;Tickets;71
2022;Octubre;D;General services;Transport;449
2022;Octubre;D;News and entertainment;Videos, music;1396
2022;Octubre;D;General services;Visualisations;52
2022;Octubre;D;News and entertainment;Vlogs;10
2022;Octubre;E;Websites and app;App design, developing;352
2022;Octubre;E;Cloud & Hosting;Backup services;23
2022;Octubre;E;Cloud & Hosting;Database services;62
2022;Octubre;E;Datamining & Big Data;Datamining & Big Data;225
2022;Octubre;E;Infrastructure and cybersecurity;Firewalls;128
2022;Octubre;E;Infrastructure and cybersecurity;Hardware;91
2022;Octubre;E;Marketing and consultancy;Internet consultancy;106
2022;Octubre;E;Marketing and consultancy;Internet marketing;1416
2022;Octubre;E;Software;Sofware services;354
2022;Octubre;E;Websites and app;Web design, developing;2642
2022;Octubre;E;Cloud & Hosting;Webhosting;675
2022;Noviembre;B;Pasiva (B1);;107953
2022;Noviembre;B;Activa (B2);;19220
2022;Noviembre;C;;;12698
2022;Noviembre;D;News and entertainment;Adult;130
2022;Noviembre;D;Business;Advertising;546
2022;Noviembre;D;Retail;Auctions;16
2022;Noviembre;D;News and entertainment;Blogs;14
2022;Noviembre;D;News and entertainment;Books;622
2022;Noviembre;D;Business;Consultancy;1402
2022;Noviembre;D;General services;Crowfunding;5
2022;Noviembre;D;General services;Dating;519
2022;Noviembre;D;News and entertainment;e-learning;311
2022;Noviembre;D;Business;Finance;700
2022;Noviembre;D;Leisure;Flights;127
2022;Noviembre;D;Leisure;Food;1171
2022;Noviembre;D;News and entertainment;Gambling;201
2022;Noviembre;D;News and entertainment;Games;132
2022;Noviembre;D;Leisure;Holidays;3310
2022;Noviembre;D;Leisure;Hotels;1313
2022;Noviembre;D;Retail;Housing;2340
2022;Noviembre;D;Business;Jobs;76
2022;Noviembre;D;News and entertainment;News;3116
2022;Noviembre;D;General services;Online payment;60
2022;Noviembre;D;Retail;Online trade;609
2022;Noviembre;D;Retail;Tickets;70
2022;Noviembre;D;General services;Transport;454
2022;Noviembre;D;News and entertainment;Videos, music;1404
2022;Noviembre;D;General services;Visualisations;53
2022;Noviembre;D;News and entertainment;Vlogs;9
2022;Noviembre;E;Websites and app;App design, developing;364
2022;Noviembre;E;Cloud & Hosting;Backup services;26
2022;Noviembre;E;Cloud & Hosting;Database services;63
2022;Noviembre;E;Datamining & Big Data;Datamining & Big Data;224
2022;Noviembre;E;Infrastructure and cybersecurity;Firewalls;133
2022;Noviembre;E;Infrastructure and cybersecurity;Hardware;93
2022;Noviembre;E;Marketing and consultancy;Internet consultancy;114
2022;Noviembre;E;Marketing and consultancy;Internet marketing;1406
2022;Noviembre;E;Software;Sofware services;353
2022;Noviembre;E;Websites and app;Web design, developing;2718
2022;Noviembre;E;Cloud & Hosting;Webhosting;693
2022;Diciembre;B;Pasiva (B1);;109894
2022;Diciembre;B;Activa (B2);;19399
2022;Diciembre;C;;;12989
2022;Diciembre;D;News and entertainment;Adult;129
2022;Diciembre;D;Business;Advertising;554
2022;Diciembre;D;Retail;Auctions;21
2022;Diciembre;D;News and entertainment;Blogs;13
2022;Diciembre;D;News and entertainment;Books;631
2022;Diciembre;D;Business;Consultancy;1419
2022;Diciembre;D;General services;Crowfunding;5
2022;Diciembre;D;General services;Dating;519
2022;Diciembre;D;News and entertainment;e-learning;305
2022;Diciembre;D;Business;Finance;715
2022;Diciembre;D;Leisure;Flights;130
2022;Diciembre;D;Leisure;Food;1182
2022;Diciembre;D;News and entertainment;Gambling;198
2022;Diciembre;D;News and entertainment;Games;118
2022;Diciembre;D;Leisure;Holidays;3383
2022;Diciembre;D;Leisure;Hotels;1305
2022;Diciembre;D;Retail;Housing;2396
2022;Diciembre;D;Business;Jobs;76
2022;Diciembre;D;News and entertainment;News;3120
2022;Diciembre;D;General services;Online payment;57
2022;Diciembre;D;Retail;Online trade;620
2022;Diciembre;D;Retail;Tickets;71
2022;Diciembre;D;General services;Transport;474
2022;Diciembre;D;News and entertainment;Videos, music;1402
2022;Diciembre;D;General services;Visualisations;53
2022;Diciembre;D;News and entertainment;Vlogs;8
2022;Diciembre;E;Websites and app;App design, developing;370
2022;Diciembre;E;Cloud & Hosting;Backup services;26
2022;Diciembre;E;Cloud & Hosting;Database services;59
2022;Diciembre;E;Datamining & Big Data;Datamining & Big Data;225
2022;Diciembre;E;Infrastructure and cybersecurity;Firewalls;131
2022;Diciembre;E;Infrastructure and cybersecurity;Hardware;94
2022;Diciembre;E;Marketing and consultancy;Internet consultancy;113
2022;Diciembre;E;Marketing and consultancy;Internet marketing;1412
2022;Diciembre;E;Software;Sofware services;364
2022;Diciembre;E;Websites and app;Web design, developing;2770
2022;Diciembre;E;Cloud & Hosting;Webhosting;672
2023;Enero;B;Pasiva (B1);;106343
2023;Enero;B;Activa (B2);;22147
2023;Enero;C;;;13851
2023;Enero;D;News and entertainment;Adult;120
2023;Enero;D;Business;Advertising;604
2023;Enero;D;Retail;Auctions;21
2023;Enero;D;News and entertainment;Blogs;12
2023;Enero;D;News and entertainment;Books;635
2023;Enero;D;Business;Consultancy;1485
2023;Enero;D;General services;Crowfunding;6
2023;Enero;D;General services;Dating;534
2023;Enero;D;News and entertainment;e-learning;308
2023;Enero;D;Business;Finance;728
2023;Enero;D;Leisure;Flights;124
2023;Enero;D;Leisure;Food;1221
2023;Enero;D;News and entertainment;Gambling;227
2023;Enero;D;News and entertainment;Games;115
2023;Enero;D;Leisure;Holidays;3630
2023;Enero;D;Leisure;Hotels;1402
2023;Enero;D;Retail;Housing;2448
2023;Enero;D;Business;Jobs;93
2023;Enero;D;News and entertainment;News;3233
2023;Enero;D;General services;Online payment;65
2023;Enero;D;Retail;Online trade;654
2023;Enero;D;Retail;Tickets;44
2023;Enero;D;General services;Transport;482
2023;Enero;D;News and entertainment;Videos, music;1389
2023;Enero;D;General services;Visualisations;47
2023;Enero;D;News and entertainment;Vlogs;6
2023;Enero;E;Websites and app;App design, developing;346
2023;Enero;E;Cloud & Hosting;Backup services;28
2023;Enero;E;Cloud & Hosting;Database services;62
2023;Enero;E;Datamining & Big Data;Datamining & Big Data;222
2023;Enero;E;Infrastructure and cybersecurity;Firewalls;130
2023;Enero;E;Infrastructure and cybersecurity;Hardware;99
2023;Enero;E;Marketing and consultancy;Internet consultancy;116
2023;Enero;E;Marketing and consultancy;Internet marketing;1420
2023;Enero;E;Software;Sofware services;365
2023;Enero;E;Websites and app;Web design, developing;2882
2023;Enero;E;Cloud & Hosting;Webhosting;701
2023;Febrero;B;Pasiva (B1);;104435
2023;Febrero;B;Activa (B2);;22109
2023;Febrero;C;;;14065
2023;Febrero;D;News and entertainment;Adult;117
2023;Febrero;D;Business;Advertising;596
2023;Febrero;D;Retail;Auctions;23
2023;Febrero;D;News and entertainment;Blogs;14
2023;Febrero;D;News and entertainment;Books;632
2023;Febrero;D;Business;Consultancy;1507
2023;Febrero;D;General services;Crowfunding;6
2023;Febrero;D;General services;Dating;535
2023;Febrero;D;News and entertainment;e-learning;316
2023;Febrero;D;Business;Finance;723
2023;Febrero;D;Leisure;Flights;129
2023;Febrero;D;Leisure;Food;1224
2023;Febrero;D;News and entertainment;Gambling;234
2023;Febrero;D;News and entertainment;Games;122
2023;Febrero;D;Leisure;Holidays;3690
2023;Febrero;D;Leisure;Hotels;1401
2023;Febrero;D;Retail;Housing;2483
2023;Febrero;D;Business;Jobs;91
2023;Febrero;D;News and entertainment;News;3235
2023;Febrero;D;General services;Online payment;70
2023;Febrero;D;Retail;Online trade;651
2023;Febrero;D;Retail;Tickets;42
2023;Febrero;D;General services;Transport;514
2023;Febrero;D;News and entertainment;Videos, music;1293
2023;Febrero;D;General services;Visualisations;49
2023;Febrero;D;News and entertainment;Vlogs;6
2023;Febrero;E;Websites and app;App design, developing;352
2023;Febrero;E;Cloud & Hosting;Backup services;32
2023;Febrero;E;Cloud & Hosting;Database services;64
2023;Febrero;E;Datamining & Big Data;Datamining & Big Data;247
2023;Febrero;E;Infrastructure and cybersecurity;Firewalls;129
2023;Febrero;E;Infrastructure and cybersecurity;Hardware;99
2023;Febrero;E;Marketing and consultancy;Internet consultancy;116
2023;Febrero;E;Marketing and consultancy;Internet marketing;1417
2023;Febrero;E;Software;Sofware services;368
2023;Febrero;E;Websites and app;Web design, developing;2851
2023;Febrero;E;Cloud & Hosting;Webhosting;695
2023;Marzo;B;Pasiva (B1);;103249
2023;Marzo;B;Activa (B2);;21905
2023;Marzo;C;;;14179
2023;Marzo;D;News and entertainment;Adult;119
2023;Marzo;D;Business;Advertising;592
2023;Marzo;D;Retail;Auctions;22
2023;Marzo;D;News and entertainment;Blogs;14
2023;Marzo;D;News and entertainment;Books;632
2023;Marzo;D;Business;Consultancy;1490
2023;Marzo;D;General services;Crowfunding;5
2023;Marzo;D;General services;Dating;516
2023;Marzo;D;News and entertainment;e-learning;305
2023;Marzo;D;Business;Finance;725
2023;Marzo;D;Leisure;Flights;131
2023;Marzo;D;Leisure;Food;1200
2023;Marzo;D;News and entertainment;Gambling;252
2023;Marzo;D;News and entertainment;Games;127
2023;Marzo;D;Leisure;Holidays;3674
2023;Marzo;D;Leisure;Hotels;1388
2023;Marzo;D;Retail;Housing;2482
2023;Marzo;D;Business;Jobs;86
2023;Marzo;D;News and entertainment;News;3165
2023;Marzo;D;General services;Online payment;71
2023;Marzo;D;Retail;Online trade;646
2023;Marzo;D;Retail;Tickets;44
2023;Marzo;D;General services;Transport;515
2023;Marzo;D;News and entertainment;Videos, music;1276
2023;Marzo;D;General services;Visualisations;46
2023;Marzo;D;News and entertainment;Vlogs;7
2023;Marzo;E;Websites and app;App design, developing;361
2023;Marzo;E;Cloud & Hosting;Backup services;30
2023;Marzo;E;Cloud & Hosting;Database services;65
2023;Marzo;E;Datamining & Big Data;Datamining & Big Data;271
2023;Marzo;E;Infrastructure and cybersecurity;Firewalls;134
2023;Marzo;E;Infrastructure and cybersecurity;Hardware;96
2023;Marzo;E;Marketing and consultancy;Internet consultancy;122
2023;Marzo;E;Marketing and consultancy;Internet marketing;1384
2023;Marzo;E;Software;Sofware services;372
2023;Marzo;E;Websites and app;Web design, developing;2828
2023;Marzo;E;Cloud & Hosting;Webhosting;691
2023;Abril;B;Pasiva (B1);;101229
2023;Abril;B;Activa (B2);;21199
2023;Abril;C;;;13926
2023;Abril;D;News and entertainment;Adult;114
2023;Abril;D;Business;Advertising;571
2023;Abril;D;Retail;Auctions;20
2023;Abril;D;News and entertainment;Blogs;12
2023;Abril;D;News and entertainment;Books;613
2023;Abril;D;Business;Consultancy;1451
2023;Abril;D;General services;Crowfunding;5
2023;Abril;D;General services;Dating;503
2023;Abril;D;News and entertainment;e-learning;307
2023;Abril;D;Business;Finance;689
2023;Abril;D;Leisure;Flights;125
2023;Abril;D;Leisure;Food;1189
2023;Abril;D;News and entertainment;Gambling;258
2023;Abril;D;News and entertainment;Games;117
2023;Abril;D;Leisure;Holidays;3659
2023;Abril;D;Leisure;Hotels;1381
2023;Abril;D;Retail;Housing;2414
2023;Abril;D;Business;Jobs;82
2023;Abril;D;News and entertainment;News;3057
2023;Abril;D;General services;Online payment;74
2023;Abril;D;Retail;Online trade;618
2023;Abril;D;Retail;Tickets;52
2023;Abril;D;General services;Transport;482
2023;Abril;D;News and entertainment;Videos, music;1242
2023;Abril;D;General services;Visualisations;48
2023;Abril;D;News and entertainment;Vlogs;6
2023;Abril;E;Websites and app;App design, developing;349
2023;Abril;E;Cloud & Hosting;Backup services;25
2023;Abril;E;Cloud & Hosting;Database services;56
2023;Abril;E;Datamining & Big Data;Datamining & Big Data;276
2023;Abril;E;Infrastructure and cybersecurity;Firewalls;133
2023;Abril;E;Infrastructure and cybersecurity;Hardware;88
2023;Abril;E;Marketing and consultancy;Internet consultancy;119
2023;Abril;E;Marketing and consultancy;Internet marketing;1351
2023;Abril;E;Software;Sofware services;375
2023;Abril;E;Websites and app;Web design, developing;2729
2023;Abril;E;Cloud & Hosting;Webhosting;681
2023;Mayo;B;Pasiva (B1);;98755
2023;Mayo;B;Activa (B2);;20678
2023;Mayo;C;;;13786
2023;Mayo;D;News and entertainment;Adult;109
2023;Mayo;D;Business;Advertising;580
2023;Mayo;D;Retail;Auctions;20
2023;Mayo;D;News and entertainment;Blogs;11
2023;Mayo;D;News and entertainment;Books;615
2023;Mayo;D;Business;Consultancy;1287
2023;Mayo;D;General services;Crowfunding;5
2023;Mayo;D;General services;Dating;495
2023;Mayo;D;News and entertainment;e-learning;298
2023;Mayo;D;Business;Finance;659
2023;Mayo;D;Leisure;Flights;129
2023;Mayo;D;Leisure;Food;1182
2023;Mayo;D;News and entertainment;Gambling;269
2023;Mayo;D;News and entertainment;Games;113
2023;Mayo;D;Leisure;Holidays;3699
2023;Mayo;D;Leisure;Hotels;1401
2023;Mayo;D;Retail;Housing;2477
2023;Mayo;D;Business;Jobs;81
2023;Mayo;D;News and entertainment;News;3030
2023;Mayo;D;General services;Online payment;67
2023;Mayo;D;Retail;Online trade;633
2023;Mayo;D;Retail;Tickets;55
2023;Mayo;D;General services;Transport;498
2023;Mayo;D;News and entertainment;Videos, music;1182
2023;Mayo;D;General services;Visualisations;41
2023;Mayo;D;News and entertainment;Vlogs;5
2023;Mayo;E;Websites and app;App design, developing;340
2023;Mayo;E;Cloud & Hosting;Backup services;26
2023;Mayo;E;Cloud & Hosting;Database services;58
2023;Mayo;E;Datamining & Big Data;Datamining & Big Data;263
2023;Mayo;E;Infrastructure and cybersecurity;Firewalls;139
2023;Mayo;E;Infrastructure and cybersecurity;Hardware;92
2023;Mayo;E;Marketing and consultancy;Internet consultancy;99
2023;Mayo;E;Marketing and consultancy;Internet marketing;1383
2023;Mayo;E;Software;Sofware services;372
2023;Mayo;E;Websites and app;Web design, developing;2612
2023;Mayo;E;Cloud & Hosting;Webhosting;684
2023;Junio;B;Pasiva (B1);;97679
2023;Junio;B;Activa (B2);;20297
2023;Junio;C;;;13676
2023;Junio;D;News and entertainment;Adult;106
2023;Junio;D;Business;Advertising;542
2023;Junio;D;Retail;Auctions;19
2023;Junio;D;News and entertainment;Blogs;10
2023;Junio;D;News and entertainment;Books;583
2023;Junio;D;Business;Consultancy;1356
2023;Junio;D;General services;Crowfunding;4
2023;Junio;D;General services;Dating;494
2023;Junio;D;News and entertainment;e-learning;273
2023;Junio;D;Business;Finance;668
2023;Junio;D;Leisure;Flights;123
2023;Junio;D;Leisure;Food;1121
2023;Junio;D;News and entertainment;Gambling;254
2023;Junio;D;News and entertainment;Games;102
2023;Junio;D;Leisure;Holidays;3647
2023;Junio;D;Leisure;Hotels;1372
2023;Junio;D;Retail;Housing;2385
2023;Junio;D;Business;Jobs;89
2023;Junio;D;News and entertainment;News;2844
2023;Junio;D;General services;Online payment;73
2023;Junio;D;Retail;Online trade;594
2023;Junio;D;Retail;Tickets;57
2023;Junio;D;General services;Transport;555
2023;Junio;D;News and entertainment;Videos, music;1211
2023;Junio;D;General services;Visualisations;50
2023;Junio;D;News and entertainment;Vlogs;4
2023;Junio;E;Websites and app;App design, developing;333
2023;Junio;E;Cloud & Hosting;Backup services;23
2023;Junio;E;Cloud & Hosting;Database services;60
2023;Junio;E;Datamining & Big Data;Datamining & Big Data;262
2023;Junio;E;Infrastructure and cybersecurity;Firewalls;148
2023;Junio;E;Infrastructure and cybersecurity;Hardware;80
2023;Junio;E;Marketing and consultancy;Internet consultancy;123
2023;Junio;E;Marketing and consultancy;Internet marketing;1326
2023;Junio;E;Software;Sofware services;360
2023;Junio;E;Websites and app;Web design, developing;2608
2023;Junio;E;Cloud & Hosting;Webhosting;637
2023;Julio;B;Pasiva (B1);;98406
2023;Julio;B;Activa (B2);;20391
2023;Julio;C;;;14112
2023;Julio;D;News and entertainment;Adult;111
2023;Julio;D;Business;Advertising;555
2023;Julio;D;Retail;Auctions;21
2023;Julio;D;News and entertainment;Blogs;9
2023;Julio;D;News and entertainment;Books;596
2023;Julio;D;Business;Consultancy;1369
2023;Julio;D;General services;Crowfunding;4
2023;Julio;D;General services;Dating;485
2023;Julio;D;News and entertainment;e-learning;280
2023;Julio;D;Business;Finance;677
2023;Julio;D;Leisure;Flights;126
2023;Julio;D;Leisure;Food;1112
2023;Julio;D;News and entertainment;Gambling;269
2023;Julio;D;News and entertainment;Games;108
2023;Julio;D;Leisure;Holidays;3624
2023;Julio;D;Leisure;Hotels;1361
2023;Julio;D;Retail;Housing;2332
2023;Julio;D;Business;Jobs;88
2023;Julio;D;News and entertainment;News;2856
2023;Julio;D;General services;Online payment;75
2023;Julio;D;Retail;Online trade;612
2023;Julio;D;Retail;Tickets;51
2023;Julio;D;General services;Transport;546
2023;Julio;D;News and entertainment;Videos, music;1202
2023;Julio;D;General services;Visualisations;41
2023;Julio;D;News and entertainment;Vlogs;6
2023;Julio;E;Websites and app;App design, developing;323
2023;Julio;E;Cloud & Hosting;Backup services;28
2023;Julio;E;Cloud & Hosting;Database services;64
2023;Julio;E;Datamining & Big Data;Datamining & Big Data;243
2023;Julio;E;Infrastructure and cybersecurity;Firewalls;160
2023;Julio;E;Infrastructure and cybersecurity;Hardware;85
2023;Julio;E;Marketing and consultancy;Internet consultancy;120
2023;Julio;E;Marketing and consultancy;Internet marketing;1335
2023;Julio;E;Software;Sofware services;359
2023;Julio;E;Websites and app;Web design, developing;2584
2023;Julio;E;Cloud & Hosting;Webhosting;622
2023;Agosto;B;Pasiva (B1);;98074
2023;Agosto;B;Activa (B2);;20183
2023;Agosto;C;;;14386
2023;Agosto;D;News and entertainment;Adult;101
2023;Agosto;D;Business;Advertising;542
2023;Agosto;D;Retail;Auctions;20
2023;Agosto;D;News and entertainment;Blogs;9
2023;Agosto;D;News and entertainment;Books;580
2023;Agosto;D;Business;Consultancy;1361
2023;Agosto;D;General services;Crowfunding;4
2023;Agosto;D;General services;Dating;479
2023;Agosto;D;News and entertainment;e-learning;270
2023;Agosto;D;Business;Finance;659
2023;Agosto;D;Leisure;Flights;121
2023;Agosto;D;Leisure;Food;1119
2023;Agosto;D;News and entertainment;Gambling;295
2023;Agosto;D;News and entertainment;Games;116
2023;Agosto;D;Leisure;Holidays;3582
2023;Agosto;D;Leisure;Hotels;1334
2023;Agosto;D;Retail;Housing;2284
2023;Agosto;D;Business;Jobs;80
2023;Agosto;D;News and entertainment;News;2865
2023;Agosto;D;General services;Online payment;73
2023;Agosto;D;Retail;Online trade;618
2023;Agosto;D;Retail;Tickets;46
2023;Agosto;D;General services;Transport;465
2023;Agosto;D;News and entertainment;Videos, music;1170
2023;Agosto;D;General services;Visualisations;47
2023;Agosto;D;News and entertainment;Vlogs;4
2023;Agosto;E;Websites and app;App design, developing;321
2023;Agosto;E;Cloud & Hosting;Backup services;28
2023;Agosto;E;Cloud & Hosting;Database services;67
2023;Agosto;E;Datamining & Big Data;Datamining & Big Data;240
2023;Agosto;E;Infrastructure and cybersecurity;Firewalls;155
2023;Agosto;E;Infrastructure and cybersecurity;Hardware;87
2023;Agosto;E;Marketing and consultancy;Internet consultancy;118
2023;Agosto;E;Marketing and consultancy;Internet marketing;1311
2023;Agosto;E;Software;Sofware services;357
2023;Agosto;E;Websites and app;Web design, developing;2573
2023;Agosto;E;Cloud & Hosting;Webhosting;603
2023;Septiembre;B;Pasiva (B1);;96091
2023;Septiembre;B;Activa (B2);;19838
2023;Septiembre;C;;;14096
2023;Septiembre;D;News and entertainment;Adult;102
2023;Septiembre;D;Business;Advertising;536
2023;Septiembre;D;Retail;Auctions;22
2023;Septiembre;D;News and entertainment;Blogs;8
2023;Septiembre;D;News and entertainment;Books;551
2023;Septiembre;D;Business;Consultancy;1345
2023;Septiembre;D;General services;Crowfunding;4
2023;Septiembre;D;General services;Dating;456
2023;Septiembre;D;News and entertainment;e-learning;256
2023;Septiembre;D;Business;Finance;666
2023;Septiembre;D;Leisure;Flights;110
2023;Septiembre;D;Leisure;Food;1116
2023;Septiembre;D;News and entertainment;Gambling;300
2023;Septiembre;D;News and entertainment;Games;122
2023;Septiembre;D;Leisure;Holidays;3512
2023;Septiembre;D;Leisure;Hotels;1319
2023;Septiembre;D;Retail;Housing;2259
2023;Septiembre;D;Business;Jobs;77
2023;Septiembre;D;News and entertainment;News;2797
2023;Septiembre;D;General services;Online payment;75
2023;Septiembre;D;Retail;Online trade;592
2023;Septiembre;D;Retail;Tickets;48
2023;Septiembre;D;General services;Transport;464
2023;Septiembre;D;News and entertainment;Videos, music;1152
2023;Septiembre;D;General services;Visualisations;44
2023;Septiembre;D;News and entertainment;Vlogs;4
2023;Septiembre;E;Websites and app;App design, developing;327
2023;Septiembre;E;Cloud & Hosting;Backup services;28
2023;Septiembre;E;Cloud & Hosting;Database services;70
2023;Septiembre;E;Datamining & Big Data;Datamining & Big Data;230
2023;Septiembre;E;Infrastructure and cybersecurity;Firewalls;159
2023;Septiembre;E;Infrastructure and cybersecurity;Hardware;79
2023;Septiembre;E;Marketing and consultancy;Internet consultancy;120
2023;Septiembre;E;Marketing and consultancy;Internet marketing;1260
2023;Septiembre;E;Software;Sofware services;351
2023;Septiembre;E;Websites and app;Web design, developing;2574
2023;Septiembre;E;Cloud & Hosting;Webhosting;594
2023;Octubre;B;Pasiva (B1);;95287
2023;Octubre;B;Activa (B2);;19902
2023;Octubre;C;;;13709
2023;Octubre;D;News and entertainment;Adult;98
2023;Octubre;D;Business;Advertising;527
2023;Octubre;D;Retail;Auctions;21
2023;Octubre;D;News and entertainment;Blogs;8
2023;Octubre;D;News and entertainment;Books;542
2023;Octubre;D;Business;Consultancy;1319
2023;Octubre;D;General services;Crowfunding;3
2023;Octubre;D;General services;Dating;465
2023;Octubre;D;News and entertainment;e-learning;253
2023;Octubre;D;Business;Finance;653
2023;Octubre;D;Leisure;Flights;110
2023;Octubre;D;Leisure;Food;1081
2023;Octubre;D;News and entertainment;Gambling;302
2023;Octubre;D;News and entertainment;Games;105
2023;Octubre;D;Leisure;Holidays;3473
2023;Octubre;D;Leisure;Hotels;1300
2023;Octubre;D;Retail;Housing;2247
2023;Octubre;D;Business;Jobs;77
2023;Octubre;D;News and entertainment;News;2812
2023;Octubre;D;General services;Online payment;79
2023;Octubre;D;Retail;Online trade;583
2023;Octubre;D;Retail;Tickets;48
2023;Octubre;D;General services;Transport;446
2023;Octubre;D;News and entertainment;Videos, music;1160
2023;Octubre;D;General services;Visualisations;48
2023;Octubre;D;News and entertainment;Vlogs;4
2023;Octubre;E;Websites and app;App design, developing;323
2023;Octubre;E;Cloud & Hosting;Backup services;28
2023;Octubre;E;Cloud & Hosting;Database services;69
2023;Octubre;E;Datamining & Big Data;Datamining & Big Data;218
2023;Octubre;E;Infrastructure and cybersecurity;Firewalls;146
2023;Octubre;E;Infrastructure and cybersecurity;Hardware;80
2023;Octubre;E;Marketing and consultancy;Internet consultancy;118
2023;Octubre;E;Marketing and consultancy;Internet marketing;1286
2023;Octubre;E;Software;Sofware services;348
2023;Octubre;E;Websites and app;Web design, developing;2584
2023;Octubre;E;Cloud & Hosting;Webhosting;583
2023;Noviembre;B;Pasiva (B1);;94344
2023;Noviembre;B;Activa (B2);;19813
2023;Noviembre;C;;;13973
2023;Noviembre;D;News and entertainment;Adult;86
2023;Noviembre;D;Business;Advertising;507
2023;Noviembre;D;Retail;Auctions;20
2023;Noviembre;D;News and entertainment;Blogs;8
2023;Noviembre;D;News and entertainment;Books;536
2023;Noviembre;D;Business;Consultancy;1316
2023;Noviembre;D;General services;Crowfunding;3
2023;Noviembre;D;General services;Dating;453
2023;Noviembre;D;News and entertainment;e-learning;239
2023;Noviembre;D;Business;Finance;651
2023;Noviembre;D;Leisure;Flights;109
2023;Noviembre;D;Leisure;Food;1087
2023;Noviembre;D;News and entertainment;Gambling;315
2023;Noviembre;D;News and entertainment;Games;106
2023;Noviembre;D;Leisure;Holidays;3421
2023;Noviembre;D;Leisure;Hotels;1266
2023;Noviembre;D;Retail;Housing;2207
2023;Noviembre;D;Business;Jobs;71
2023;Noviembre;D;News and entertainment;News;2789
2023;Noviembre;D;General services;Online payment;82
2023;Noviembre;D;Retail;Online trade;584
2023;Noviembre;D;Retail;Tickets;61
2023;Noviembre;D;General services;Transport;456
2023;Noviembre;D;News and entertainment;Videos, music;1152
2023;Noviembre;D;General services;Visualisations;48
2023;Noviembre;D;News and entertainment;Vlogs;5
2023;Noviembre;E;Websites and app;App design, developing;328
2023;Noviembre;E;Cloud & Hosting;Backup services;28
2023;Noviembre;E;Cloud & Hosting;Database services;73
2023;Noviembre;E;Datamining & Big Data;Datamining & Big Data;219
2023;Noviembre;E;Infrastructure and cybersecurity;Firewalls;141
2023;Noviembre;E;Infrastructure and cybersecurity;Hardware;79
2023;Noviembre;E;Marketing and consultancy;Internet consultancy;119
2023;Noviembre;E;Marketing and consultancy;Internet marketing;1273
2023;Noviembre;E;Software;Sofware services;338
2023;Noviembre;E;Websites and app;Web design, developing;2556
2023;Noviembre;E;Cloud & Hosting;Webhosting;572
2023;Diciembre;B;Pasiva (B1);;93153
2023;Diciembre;B;Activa (B2);;19672
2023;Diciembre;C;;;14127
2023;Diciembre;D;News and entertainment;Adult;95
2023;Diciembre;D;Business;Advertising;518
2023;Diciembre;D;Retail;Auctions;20
2023;Diciembre;D;News and entertainment;Blogs;8
2023;Diciembre;D;News and entertainment;Books;555
2023;Diciembre;D;Business;Consultancy;1305
2023;Diciembre;D;General services;Crowfunding;3
2023;Diciembre;D;General services;Dating;440
2023;Diciembre;D;News and entertainment;e-learning;240
2023;Diciembre;D;Business;Finance;675
2023;Diciembre;D;Leisure;Flights;115
2023;Diciembre;D;Leisure;Food;1092
2023;Diciembre;D;News and entertainment;Gambling;314
2023;Diciembre;D;News and entertainment;Games;105
2023;Diciembre;D;Leisure;Holidays;3380
2023;Diciembre;D;Leisure;Hotels;1262
2023;Diciembre;D;Retail;Housing;2186
2023;Diciembre;D;Business;Jobs;77
2023;Diciembre;D;News and entertainment;News;2800
2023;Diciembre;D;General services;Online payment;87
2023;Diciembre;D;Retail;Online trade;570
2023;Diciembre;D;Retail;Tickets;67
2023;Diciembre;D;General services;Transport;469
2023;Diciembre;D;News and entertainment;Videos, music;1143
2023;Diciembre;D;General services;Visualisations;46
2023;Diciembre;D;News and entertainment;Vlogs;5
2023;Diciembre;E;Websites and app;App design, developing;322
2023;Diciembre;E;Cloud & Hosting;Backup services;26
2023;Diciembre;E;Cloud & Hosting;Database services;78
2023;Diciembre;E;Datamining & Big Data;Datamining & Big Data;204
2023;Diciembre;E;Infrastructure and cybersecurity;Firewalls;144
2023;Diciembre;E;Infrastructure and cybersecurity;Hardware;79
2023;Diciembre;E;Marketing and consultancy;Internet consultancy;122
2023;Diciembre;E;Marketing and consultancy;Internet marketing;1259
2023;Diciembre;E;Software;Sofware services;339
2023;Diciembre;E;Websites and app;Web design, developing;2538
2023;Diciembre;E;Cloud & Hosting;Webhosting;568
2024;Enero;B;Pasiva (B1);;92567
2024;Enero;B;Activa (B2);;19860
2024;Enero;C;;;13586
2024;Enero;D;News and entertainment;Adult;91
2024;Enero;D;Business;Advertising;520
2024;Enero;D;Retail;Auctions;23
2024;Enero;D;News and entertainment;Blogs;7
2024;Enero;D;News and entertainment;Books;559
2024;Enero;D;Business;Consultancy;1299
2024;Enero;D;General services;Crowfunding;4
2024;Enero;D;General services;Dating;437
2024;Enero;D;News and entertainment;e-learning;238
2024;Enero;D;Business;Finance;674
2024;Enero;D;Leisure;Flights;119
2024;Enero;D;Leisure;Food;1092
2024;Enero;D;News and entertainment;Gambling;310
2024;Enero;D;News and entertainment;Games;106
2024;Enero;D;Leisure;Holidays;3384
2024;Enero;D;Leisure;Hotels;1266
2024;Enero;D;Retail;Housing;2188
2024;Enero;D;Business;Jobs;79
2024;Enero;D;News and entertainment;News;2814
2024;Enero;D;General services;Online payment;83
2024;Enero;D;Retail;Online trade;577
2024;Enero;D;Retail;Tickets;69
2024;Enero;D;General services;Transport;481
2024;Enero;D;News and entertainment;Videos, music;1147
2024;Enero;D;General services;Visualisations;46
2024;Enero;D;News and entertainment;Vlogs;5
2024;Enero;E;Websites and app;App design, developing;322
2024;Enero;E;Cloud & Hosting;Backup services;25
2024;Enero;E;Cloud & Hosting;Database services;77
2024;Enero;E;Datamining & Big Data;Datamining & Big Data;209
2024;Enero;E;Infrastructure and cybersecurity;Firewalls;145
2024;Enero;E;Infrastructure and cybersecurity;Hardware;85
2024;Enero;E;Marketing and consultancy;Internet consultancy;117
2024;Enero;E;Marketing and consultancy;Internet marketing;1238
2024;Enero;E;Software;Sofware services;339
2024;Enero;E;Websites and app;Web design, developing;2545
2024;Enero;E;Cloud & Hosting;Webhosting;558
2024;Febrero;B;Pasiva (B1);;91737
2024;Febrero;B;Activa (B2);;21494
2024;Febrero;C;;;10040
2024;Febrero;D;News and entertainment;Adult;80
2024;Febrero;D;Business;Advertising;518
2024;Febrero;D;Retail;Auctions;22
2024;Febrero;D;News and entertainment;Blogs;7
2024;Febrero;D;News and entertainment;Books;559
2024;Febrero;D;Business;Consultancy;1302
2024;Febrero;D;General services;Crowfunding;6
2024;Febrero;D;General services;Dating;445
2024;Febrero;D;News and entertainment;e-learning;258
2024;Febrero;D;Business;Finance;672
2024;Febrero;D;Leisure;Flights;125
2024;Febrero;D;Leisure;Food;1103
2024;Febrero;D;News and entertainment;Gambling;327
2024;Febrero;D;News and entertainment;Games;125
2024;Febrero;D;Leisure;Holidays;3564
2024;Febrero;D;Leisure;Hotels;1279
2024;Febrero;D;Retail;Housing;2278
2024;Febrero;D;Business;Jobs;76
2024;Febrero;D;News and entertainment;News;2805
2024;Febrero;D;General services;Online payment;100
2024;Febrero;D;Retail;Online trade;573
2024;Febrero;D;Retail;Tickets;69
2024;Febrero;D;General services;Transport;492
2024;Febrero;D;News and entertainment;Videos, music;1158
2024;Febrero;D;General services;Visualisations;41
2024;Febrero;D;News and entertainment;Vlogs;6
2024;Febrero;E;Websites and app;App design, developing;327
2024;Febrero;E;Cloud & Hosting;Backup services;24
2024;Febrero;E;Cloud & Hosting;Database services;79
2024;Febrero;E;Datamining & Big Data;Datamining & Big Data;241
2024;Febrero;E;Infrastructure and cybersecurity;Firewalls;160
2024;Febrero;E;Infrastructure and cybersecurity;Hardware;84
2024;Febrero;E;Marketing and consultancy;Internet consultancy;112
2024;Febrero;E;Marketing and consultancy;Internet marketing;1263
2024;Febrero;E;Software;Sofware services;338
2024;Febrero;E;Websites and app;Web design, developing;2610
2024;Febrero;E;Cloud & Hosting;Webhosting;604
2024;Marzo;B;Pasiva (B1);;91132
2024;Marzo;B;Activa (B2);;21122
2024;Marzo;C;;;9667
2024;Marzo;D;News and entertainment;Adult;74
2024;Marzo;D;Business;Advertising;515
2024;Marzo;D;Retail;Auctions;20
2024;Marzo;D;News and entertainment;Blogs;7
2024;Marzo;D;News and entertainment;Books;551
2024;Marzo;D;Business;Consultancy;1284
2024;Marzo;D;General services;Crowfunding;6
2024;Marzo;D;General services;Dating;445
2024;Marzo;D;News and entertainment;e-learning;244
2024;Marzo;D;Business;Finance;657
2024;Marzo;D;Leisure;Flights;128
2024;Marzo;D;Leisure;Food;1076
2024;Marzo;D;News and entertainment;Gambling;324
2024;Marzo;D;News and entertainment;Games;116
2024;Marzo;D;Leisure;Holidays;3497
2024;Marzo;D;Leisure;Hotels;1243
2024;Marzo;D;Retail;Housing;2273
2024;Marzo;D;Business;Jobs;66
2024;Marzo;D;News and entertainment;News;2766
2024;Marzo;D;General services;Online payment;88
2024;Marzo;D;Retail;Online trade;567
2024;Marzo;D;Retail;Tickets;78
2024;Marzo;D;General services;Transport;483
2024;Marzo;D;News and entertainment;Videos, music;1116
2024;Marzo;D;General services;Visualisations;42
2024;Marzo;D;News and entertainment;Vlogs;6
2024;Marzo;E;Websites and app;App design, developing;305
2024;Marzo;E;Cloud & Hosting;Backup services;25
2024;Marzo;E;Cloud & Hosting;Database services;76
2024;Marzo;E;Datamining & Big Data;Datamining & Big Data;266
2024;Marzo;E;Infrastructure and cybersecurity;Firewalls;160
2024;Marzo;E;Infrastructure and cybersecurity;Hardware;85
2024;Marzo;E;Marketing and consultancy;Internet consultancy;112
2024;Marzo;E;Marketing and consultancy;Internet marketing;1222
2024;Marzo;E;Software;Sofware services;332
2024;Marzo;E;Websites and app;Web design, developing;2554
2024;Marzo;E;Cloud & Hosting;Webhosting;596
2024;Abril;B;Pasiva (B1);;92198
2024;Abril;B;Activa (B2);;21190
2024;Abril;C;;;9709
2024;Abril;D;News and entertainment;Adult;73
2024;Abril;D;Business;Advertising;493
2024;Abril;D;Retail;Auctions;20
2024;Abril;D;News and entertainment;Blogs;10
2024;Abril;D;News and entertainment;Books;548
2024;Abril;D;Business;Consultancy;1321
2024;Abril;D;General services;Crowfunding;6
2024;Abril;D;General services;Dating;441
2024;Abril;D;News and entertainment;e-learning;254
2024;Abril;D;Business;Finance;656
2024;Abril;D;Leisure;Flights;127
2024;Abril;D;Leisure;Food;1059
2024;Abril;D;News and entertainment;Gambling;341
2024;Abril;D;News and entertainment;Games;111
2024;Abril;D;Leisure;Holidays;3608
2024;Abril;D;Leisure;Hotels;1245
2024;Abril;D;Retail;Housing;2286
2024;Abril;D;Business;Jobs;66
2024;Abril;D;News and entertainment;News;2743
2024;Abril;D;General services;Online payment;96
2024;Abril;D;Retail;Online trade;560
2024;Abril;D;Retail;Tickets;70
2024;Abril;D;General services;Transport;488
2024;Abril;D;News and entertainment;Videos, music;1106
2024;Abril;D;General services;Visualisations;50
2024;Abril;D;News and entertainment;Vlogs;6
2024;Abril;E;Websites and app;App design, developing;307
2024;Abril;E;Cloud & Hosting;Backup services;24
2024;Abril;E;Cloud & Hosting;Database services;79
2024;Abril;E;Datamining & Big Data;Datamining & Big Data;261
2024;Abril;E;Infrastructure and cybersecurity;Firewalls;161
2024;Abril;E;Infrastructure and cybersecurity;Hardware;87
2024;Abril;E;Marketing and consultancy;Internet consultancy;122
2024;Abril;E;Marketing and consultancy;Internet marketing;1255
2024;Abril;E;Software;Sofware services;331
2024;Abril;E;Websites and app;Web design, developing;2563
2024;Abril;E;Cloud & Hosting;Webhosting;588
2024;Mayo;B;Pasiva (B1);;92629
2024;Mayo;B;Activa (B2);;20870
2024;Mayo;C;;;9612
2024;Mayo;D;News and entertainment;Adult;76
2024;Mayo;D;Business;Advertising;480
2024;Mayo;D;Retail;Auctions;18
2024;Mayo;D;News and entertainment;Blogs;10
2024;Mayo;D;News and entertainment;Books;541
2024;Mayo;D;Business;Consultancy;1347
2024;Mayo;D;General services;Crowfunding;6
2024;Mayo;D;General services;Dating;447
2024;Mayo;D;News and entertainment;e-learning;252
2024;Mayo;D;Business;Finance;663
2024;Mayo;D;Leisure;Flights;132
2024;Mayo;D;Leisure;Food;1046
2024;Mayo;D;News and entertainment;Gambling;342
2024;Mayo;D;News and entertainment;Games;109
2024;Mayo;D;Leisure;Holidays;3650
2024;Mayo;D;Leisure;Hotels;1293
2024;Mayo;D;Retail;Housing;2258
2024;Mayo;D;Business;Jobs;70
2024;Mayo;D;News and entertainment;News;2771
2024;Mayo;D;General services;Online payment;93
2024;Mayo;D;Retail;Online trade;565
2024;Mayo;D;Retail;Tickets;63
2024;Mayo;D;General services;Transport;511
2024;Mayo;D;News and entertainment;Videos, music;1099
2024;Mayo;D;General services;Visualisations;45
2024;Mayo;D;News and entertainment;Vlogs;6
2024;Mayo;E;Websites and app;App design, developing;321
2024;Mayo;E;Cloud & Hosting;Backup services;25
2024;Mayo;E;Cloud & Hosting;Database services;75
2024;Mayo;E;Datamining & Big Data;Datamining & Big Data;248
2024;Mayo;E;Infrastructure and cybersecurity;Firewalls;159
2024;Mayo;E;Infrastructure and cybersecurity;Hardware;86
2024;Mayo;E;Marketing and consultancy;Internet consultancy;114
2024;Mayo;E;Marketing and consultancy;Internet marketing;1239
2024;Mayo;E;Software;Sofware services;328
2024;Mayo;E;Websites and app;Web design, developing;2604
2024;Mayo;E;Cloud & Hosting;Webhosting;579
2024;Junio;B;Pasiva (B1);;10241
2024;Junio;B;Activa (B2);;2079
2024;Junio;C;;;6568
2024;Junio;D;News and entertainment;Adult;4
2024;Junio;D;Business;Advertising;41
2024;Junio;D;Retail;Auctions;1
2024;Junio;D;News and entertainment;Blogs;1
2024;Junio;D;News and entertainment;Books;53
2024;Junio;D;Business;Consultancy;112
2024;Junio;D;General services;Crowfunding;0
2024;Junio;D;General services;Dating;44
2024;Junio;D;News and entertainment;e-learning;28
2024;Junio;D;Business;Finance;61
2024;Junio;D;Leisure;Flights;9
2024;Junio;D;Leisure;Food;81
2024;Junio;D;News and entertainment;Gambling;22
2024;Junio;D;News and entertainment;Games;11
2024;Junio;D;Leisure;Holidays;327
2024;Junio;D;Leisure;Hotels;110
2024;Junio;D;Retail;Housing;206
2024;Junio;D;Business;Jobs;5
2024;Junio;D;News and entertainment;News;237
2024;Junio;D;General services;Online payment;10
2024;Junio;D;Retail;Online trade;54
2024;Junio;D;Retail;Tickets;5
2024;Junio;D;General services;Transport;48
2024;Junio;D;News and entertainment;Videos, music;99
2024;Junio;D;General services;Visualisations;5
2024;Junio;D;News and entertainment;Vlogs;0
2024;Junio;E;Websites and app;App design, developing;29
2024;Junio;E;Cloud & Hosting;Backup services;2
2024;Junio;E;Cloud & Hosting;Database services;3
2024;Junio;E;Datamining & Big Data;Datamining & Big Data;30
2024;Junio;E;Infrastructure and cybersecurity;Firewalls;13
2024;Junio;E;Infrastructure and cybersecurity;Hardware;3
2024;Junio;E;Marketing and consultancy;Internet consultancy;8
2024;Junio;E;Marketing and consultancy;Internet marketing;122
2024;Junio;E;Software;Sofware services;24
2024;Junio;E;Websites and app;Web design, developing;300
2024;Junio;E;Cloud & Hosting;Webhosting;45
2024;Julio;B;Pasiva (B1);;33
2024;Julio;B;Activa (B2);;5
2024;Julio;C;;;6217
2024;Julio;D;News and entertainment;Adult;0
2024;Julio;D;Business;Advertising;0
2024;Julio;D;Retail;Auctions;0
2024;Julio;D;News and entertainment;Blogs;0
2024;Julio;D;News and entertainment;Books;0
2024;Julio;D;Business;Consultancy;0
2024;Julio;D;General services;Crowfunding;0
2024;Julio;D;General services;Dating;0
2024;Julio;D;News and entertainment;e-learning;0
2024;Julio;D;Business;Finance;0
2024;Julio;D;Leisure;Flights;0
2024;Julio;D;Leisure;Food;0
2024;Julio;D;News and entertainment;Gambling;0
2024;Julio;D;News and entertainment;Games;0
2024;Julio;D;Leisure;Holidays;0
2024;Julio;D;Leisure;Hotels;1
2024;Julio;D;Retail;Housing;1
2024;Julio;D;Business;Jobs;0
2024;Julio;D;News and entertainment;News;2
2024;Julio;D;General services;Online payment;0
2024;Julio;D;Retail;Online trade;0
2024;Julio;D;Retail;Tickets;0
2024;Julio;D;General services;Transport;0
2024;Julio;D;News and entertainment;Videos, music;0
2024;Julio;D;General services;Visualisations;0
2024;Julio;D;News and entertainment;Vlogs;0
2024;Julio;E;Websites and app;App design, developing;0
2024;Julio;E;Cloud & Hosting;Backup services;0
2024;Julio;E;Cloud & Hosting;Database services;0
2024;Julio;E;Datamining & Big Data;Datamining & Big Data;0
2024;Julio;E;Infrastructure and cybersecurity;Firewalls;0
2024;Julio;E;Infrastructure and cybersecurity;Hardware;0
2024;Julio;E;Marketing and consultancy;Internet consultancy;0
2024;Julio;E;Marketing and consultancy;Internet marketing;1
2024;Julio;E;Software;Sofware services;0
2024;Julio;E;Websites and app;Web design, developing;2
2024;Julio;E;Cloud & Hosting;Webhosting;0
2024;Agosto;B;Pasiva (B1);;97048
2024;Agosto;B;Activa (B2);;21177
2024;Agosto;C;;;9794
2024;Agosto;D;News and entertainment;Adult;77
2024;Agosto;D;Business;Advertising;473
2024;Agosto;D;Retail;Auctions;20
2024;Agosto;D;News and entertainment;Blogs;11
2024;Agosto;D;News and entertainment;Books;552
2024;Agosto;D;Business;Consultancy;1360
2024;Agosto;D;General services;Crowfunding;3
2024;Agosto;D;General services;Dating;416
2024;Agosto;D;News and entertainment;e-learning;266
2024;Agosto;D;Business;Finance;673
2024;Agosto;D;Leisure;Flights;127
2024;Agosto;D;Leisure;Food;1038
2024;Agosto;D;News and entertainment;Gambling;390
2024;Agosto;D;News and entertainment;Games;116
2024;Agosto;D;Leisure;Holidays;3593
2024;Agosto;D;Leisure;Hotels;1254
2024;Agosto;D;Retail;Housing;2236
2024;Agosto;D;Business;Jobs;74
2024;Agosto;D;News and entertainment;News;2641
2024;Agosto;D;General services;Online payment;84
2024;Agosto;D;Retail;Online trade;560
2024;Agosto;D;Retail;Tickets;69
2024;Agosto;D;General services;Transport;500
2024;Agosto;D;News and entertainment;Videos, music;1040
2024;Agosto;D;General services;Visualisations;47
2024;Agosto;D;News and entertainment;Vlogs;5
2024;Agosto;E;Websites and app;App design, developing;321
2024;Agosto;E;Cloud & Hosting;Backup services;25
2024;Agosto;E;Cloud & Hosting;Database services;73
2024;Agosto;E;Datamining & Big Data;Datamining & Big Data;257
2024;Agosto;E;Infrastructure and cybersecurity;Firewalls;172
2024;Agosto;E;Infrastructure and cybersecurity;Hardware;93
2024;Agosto;E;Marketing and consultancy;Internet consultancy;123
2024;Agosto;E;Marketing and consultancy;Internet marketing;1217
2024;Agosto;E;Software;Sofware services;319
2024;Agosto;E;Websites and app;Web design, developing;2630
2024;Agosto;E;Cloud & Hosting;Webhosting;606
2024;Septiembre;B;Pasiva (B1);;98325
2024;Septiembre;B;Activa (B2);;21366
2024;Septiembre;C;;;9796
2024;Septiembre;D;News and entertainment;Adult;77
2024;Septiembre;D;Business;Advertising;458
2024;Septiembre;D;Retail;Auctions;18
2024;Septiembre;D;News and entertainment;Blogs;11
2024;Septiembre;D;News and entertainment;Books;548
2024;Septiembre;D;Business;Consultancy;1389
2024;Septiembre;D;General services;Crowfunding;3
2024;Septiembre;D;General services;Dating;416
2024;Septiembre;D;News and entertainment;e-learning;264
2024;Septiembre;D;Business;Finance;651
2024;Septiembre;D;Leisure;Flights;120
2024;Septiembre;D;Leisure;Food;1063
2024;Septiembre;D;News and entertainment;Gambling;395
2024;Septiembre;D;News and entertainment;Games;124
2024;Septiembre;D;Leisure;Holidays;3623
2024;Septiembre;D;Leisure;Hotels;1246
2024;Septiembre;D;Retail;Housing;2225
2024;Septiembre;D;Business;Jobs;76
2024;Septiembre;D;News and entertainment;News;2611
2024;Septiembre;D;General services;Online payment;79
2024;Septiembre;D;Retail;Online trade;566
2024;Septiembre;D;Retail;Tickets;70
2024;Septiembre;D;General services;Transport;505
2024;Septiembre;D;News and entertainment;Videos, music;1035
2024;Septiembre;D;General services;Visualisations;47
2024;Septiembre;D;News and entertainment;Vlogs;5
2024;Septiembre;E;Websites and app;App design, developing;328
2024;Septiembre;E;Cloud & Hosting;Backup services;26
2024;Septiembre;E;Cloud & Hosting;Database services;88
2024;Septiembre;E;Datamining & Big Data;Datamining & Big Data;263
2024;Septiembre;E;Infrastructure and cybersecurity;Firewalls;162
2024;Septiembre;E;Infrastructure and cybersecurity;Hardware;95
2024;Septiembre;E;Marketing and consultancy;Internet consultancy;126
2024;Septiembre;E;Marketing and consultancy;Internet marketing;1250
2024;Septiembre;E;Software;Sofware services;338
2024;Septiembre;E;Websites and app;Web design, developing;2634
2024;Septiembre;E;Cloud & Hosting;Webhosting;601
2024;Octubre;B;Pasiva (B1);;99163
2024;Octubre;B;Activa (B2);;21548
2024;Octubre;C;;;9847
2024;Octubre;D;News and entertainment;Adult;76
2024;Octubre;D;Business;Advertising;459
2024;Octubre;D;Retail;Auctions;18
2024;Octubre;D;News and entertainment;Blogs;12
2024;Octubre;D;News and entertainment;Books;532
2024;Octubre;D;Business;Consultancy;1420
2024;Octubre;D;General services;Crowfunding;2
2024;Octubre;D;General services;Dating;417
2024;Octubre;D;News and entertainment;e-learning;260
2024;Octubre;D;Business;Finance;657
2024;Octubre;D;Leisure;Flights;122
2024;Octubre;D;Leisure;Food;1059
2024;Octubre;D;News and entertainment;Gambling;386
2024;Octubre;D;News and entertainment;Games;118
2024;Octubre;D;Leisure;Holidays;3656
2024;Octubre;D;Leisure;Hotels;1267
2024;Octubre;D;Retail;Housing;2225
2024;Octubre;D;Business;Jobs;87
2024;Octubre;D;News and entertainment;News;2658
2024;Octubre;D;General services;Online payment;72
2024;Octubre;D;Retail;Online trade;568
2024;Octubre;D;Retail;Tickets;67
2024;Octubre;D;General services;Transport;484
2024;Octubre;D;News and entertainment;Videos, music;1031
2024;Octubre;D;General services;Visualisations;48
2024;Octubre;D;News and entertainment;Vlogs;6
2024;Octubre;E;Websites and app;App design, developing;332
2024;Octubre;E;Cloud & Hosting;Backup services;26
2024;Octubre;E;Cloud & Hosting;Database services;82
2024;Octubre;E;Datamining & Big Data;Datamining & Big Data;278
2024;Octubre;E;Infrastructure and cybersecurity;Firewalls;178
2024;Octubre;E;Infrastructure and cybersecurity;Hardware;96
2024;Octubre;E;Marketing and consultancy;Internet consultancy;124
2024;Octubre;E;Marketing and consultancy;Internet marketing;1278
2024;Octubre;E;Software;Sofware services;342
2024;Octubre;E;Websites and app;Web design, developing;2652
2024;Octubre;E;Cloud & Hosting;Webhosting;613
2024;Noviembre;B;Pasiva (B1);;107872
2024;Noviembre;B;Activa (B2);;25115
2024;Noviembre;C;;;10883
2024;Noviembre;D;News and entertainment;Adult;83
2024;Noviembre;D;Business;Advertising;512
2024;Noviembre;D;Retail;Auctions;23
2024;Noviembre;D;News and entertainment;Blogs;12
2024;Noviembre;D;News and entertainment;Books;628
2024;Noviembre;D;Business;Consultancy;1633
2024;Noviembre;D;General services;Crowfunding;2
2024;Noviembre;D;General services;Dating;495
2024;Noviembre;D;News and entertainment;e-learning;304
2024;Noviembre;D;Business;Finance;774
2024;Noviembre;D;Leisure;Flights;147
2024;Noviembre;D;Leisure;Food;1217
2024;Noviembre;D;News and entertainment;Gambling;401
2024;Noviembre;D;News and entertainment;Games;138
2024;Noviembre;D;Leisure;Holidays;4754
2024;Noviembre;D;Leisure;Hotels;1521
2024;Noviembre;D;Retail;Housing;2548
2024;Noviembre;D;Business;Jobs;92
2024;Noviembre;D;News and entertainment;News;2879
2024;Noviembre;D;General services;Online payment;80
2024;Noviembre;D;Retail;Online trade;670
2024;Noviembre;D;Retail;Tickets;108
2024;Noviembre;D;General services;Transport;585
2024;Noviembre;D;News and entertainment;Videos, music;1197
2024;Noviembre;D;General services;Visualisations;56
2024;Noviembre;D;News and entertainment;Vlogs;9
2024;Noviembre;E;Websites and app;App design, developing;383
2024;Noviembre;E;Cloud & Hosting;Backup services;29
2024;Noviembre;E;Cloud & Hosting;Database services;92
2024;Noviembre;E;Datamining & Big Data;Datamining & Big Data;329
2024;Noviembre;E;Infrastructure and cybersecurity;Firewalls;191
2024;Noviembre;E;Infrastructure and cybersecurity;Hardware;98
2024;Noviembre;E;Marketing and consultancy;Internet consultancy;160
2024;Noviembre;E;Marketing and consultancy;Internet marketing;1431
2024;Noviembre;E;Software;Sofware services;391
2024;Noviembre;E;Websites and app;Web design, developing;2971
2024;Noviembre;E;Cloud & Hosting;Webhosting;686
2024;Diciembre;B;Pasiva (B1);;108343
2024;Diciembre;B;Activa (B2);;24970
2024;Diciembre;C;;;10751
2024;Diciembre;D;News and entertainment;Adult;81
2024;Diciembre;D;Business;Advertising;524
2024;Diciembre;D;Retail;Auctions;27
2024;Diciembre;D;News and entertainment;Blogs;11
2024;Diciembre;D;News and entertainment;Books;618
2024;Diciembre;D;Business;Consultancy;1664
2024;Diciembre;D;General services;Crowfunding;3
2024;Diciembre;D;General services;Dating;481
2024;Diciembre;D;News and entertainment;e-learning;289
2024;Diciembre;D;Business;Finance;758
2024;Diciembre;D;Leisure;Flights;152
2024;Diciembre;D;Leisure;Food;1203
2024;Diciembre;D;News and entertainment;Gambling;406
2024;Diciembre;D;News and entertainment;Games;137
2024;Diciembre;D;Leisure;Holidays;4816
2024;Diciembre;D;Leisure;Hotels;1534
2024;Diciembre;D;Retail;Housing;2543
2024;Diciembre;D;Business;Jobs;96
2024;Diciembre;D;News and entertainment;News;2843
2024;Diciembre;D;General services;Online payment;89
2024;Diciembre;D;Retail;Online trade;678
2024;Diciembre;D;Retail;Tickets;86
2024;Diciembre;D;General services;Transport;580
2024;Diciembre;D;News and entertainment;Videos, music;1206
2024;Diciembre;D;General services;Visualisations;60
2024;Diciembre;D;News and entertainment;Vlogs;8
2024;Diciembre;E;Websites and app;App design, developing;357
2024;Diciembre;E;Cloud & Hosting;Backup services;28
2024;Diciembre;E;Cloud & Hosting;Database services;87
2024;Diciembre;E;Datamining & Big Data;Datamining & Big Data;326
2024;Diciembre;E;Infrastructure and cybersecurity;Firewalls;201
2024;Diciembre;E;Infrastructure and cybersecurity;Hardware;90
2024;Diciembre;E;Marketing and consultancy;Internet consultancy;164
2024;Diciembre;E;Marketing and consultancy;Internet marketing;1437
2024;Diciembre;E;Software;Sofware services;376
2024;Diciembre;E;Websites and app;Web design, developing;2973
2024;Diciembre;E;Cloud & Hosting;Webhosting;702
2025;Enero;B;Pasiva (B1);;110078
2025;Enero;B;Activa (B2);;25153
2025;Enero;C;;;10547
2025;Enero;D;News and entertainment;Adult;72
2025;Enero;D;Business;Advertising;526
2025;Enero;D;Retail;Auctions;25
2025;Enero;D;News and entertainment;Blogs;12
2025;Enero;D;News and entertainment;Books;653
2025;Enero;D;Business;Consultancy;1660
2025;Enero;D;General services;Crowfunding;1
2025;Enero;D;General services;Dating;481
2025;Enero;D;News and entertainment;e-learning;281
2025;Enero;D;Business;Finance;772
2025;Enero;D;Leisure;Flights;154
2025;Enero;D;Leisure;Food;1225
2025;Enero;D;News and entertainment;Gambling;437
2025;Enero;D;News and entertainment;Games;132
2025;Enero;D;Leisure;Holidays;4849
2025;Enero;D;Leisure;Hotels;1555
2025;Enero;D;Retail;Housing;2552
2025;Enero;D;Business;Jobs;95
2025;Enero;D;News and entertainment;News;2860
2025;Enero;D;General services;Online payment;83
2025;Enero;D;Retail;Online trade;679
2025;Enero;D;Retail;Tickets;69
2025;Enero;D;General services;Transport;567
2025;Enero;D;News and entertainment;Videos, music;1215
2025;Enero;D;General services;Visualisations;59
2025;Enero;D;News and entertainment;Vlogs;8
2025;Enero;E;Websites and app;App design, developing;359
2025;Enero;E;Cloud & Hosting;Backup services;35
2025;Enero;E;Cloud & Hosting;Database services;86
2025;Enero;E;Datamining & Big Data;Datamining & Big Data;321
2025;Enero;E;Infrastructure and cybersecurity;Firewalls;205
2025;Enero;E;Infrastructure and cybersecurity;Hardware;92
2025;Enero;E;Marketing and consultancy;Internet consultancy;160
2025;Enero;E;Marketing and consultancy;Internet marketing;1428
2025;Enero;E;Software;Sofware services;377
2025;Enero;E;Websites and app;Web design, developing;3161
2025;Enero;E;Cloud & Hosting;Webhosting;688
2025;Febrero;B;Pasiva (B1);;110945
2025;Febrero;B;Activa (B2);;25412
2025;Febrero;C;;;10591
2025;Febrero;D;News and entertainment;Adult;76
2025;Febrero;D;Business;Advertising;527
2025;Febrero;D;Retail;Auctions;23
2025;Febrero;D;News and entertainment;Blogs;12
2025;Febrero;D;News and entertainment;Books;674
2025;Febrero;D;Business;Consultancy;1639
2025;Febrero;D;General services;Crowfunding;1
2025;Febrero;D;General services;Dating;526
2025;Febrero;D;News and entertainment;e-learning;283
2025;Febrero;D;Business;Finance;806
2025;Febrero;D;Leisure;Flights;153
2025;Febrero;D;Leisure;Food;1248
2025;Febrero;D;News and entertainment;Gambling;451
2025;Febrero;D;News and entertainment;Games;138
2025;Febrero;D;Leisure;Holidays;4847
2025;Febrero;D;Leisure;Hotels;1586
2025;Febrero;D;Retail;Housing;2555
2025;Febrero;D;Business;Jobs;102
2025;Febrero;D;News and entertainment;News;2832
2025;Febrero;D;General services;Online payment;88
2025;Febrero;D;Retail;Online trade;678
2025;Febrero;D;Retail;Tickets;73
2025;Febrero;D;General services;Transport;524
2025;Febrero;D;News and entertainment;Videos, music;1223
2025;Febrero;D;General services;Visualisations;57
2025;Febrero;D;News and entertainment;Vlogs;7
2025;Febrero;E;Websites and app;App design, developing;364
2025;Febrero;E;Cloud & Hosting;Backup services;33
2025;Febrero;E;Cloud & Hosting;Database services;89
2025;Febrero;E;Datamining & Big Data;Datamining & Big Data;336
2025;Febrero;E;Infrastructure and cybersecurity;Firewalls;206
2025;Febrero;E;Infrastructure and cybersecurity;Hardware;98
2025;Febrero;E;Marketing and consultancy;Internet consultancy;158
2025;Febrero;E;Marketing and consultancy;Internet marketing;1425
2025;Febrero;E;Software;Sofware services;378
2025;Febrero;E;Websites and app;Web design, developing;3144
2025;Febrero;E;Cloud & Hosting;Webhosting;689
2025;Marzo;B;Pasiva (B1);;109457
2025;Marzo;B;Activa (B2);;25115
2025;Marzo;C;;;10623
2025;Marzo;D;News and entertainment;Adult;73
2025;Marzo;D;Business;Advertising;505
2025;Marzo;D;Retail;Auctions;21
2025;Marzo;D;News and entertainment;Blogs;12
2025;Marzo;D;News and entertainment;Books;681
2025;Marzo;D;Business;Consultancy;1630
2025;Marzo;D;General services;Crowfunding;0
2025;Marzo;D;General services;Dating;533
2025;Marzo;D;News and entertainment;e-learning;283
2025;Marzo;D;Business;Finance;808
2025;Marzo;D;Leisure;Flights;154
2025;Marzo;D;Leisure;Food;1252
2025;Marzo;D;News and entertainment;Gambling;452
2025;Marzo;D;News and entertainment;Games;138
2025;Marzo;D;Leisure;Holidays;4859
2025;Marzo;D;Leisure;Hotels;1588
2025;Marzo;D;Retail;Housing;2550
2025;Marzo;D;Business;Jobs;101
2025;Marzo;D;News and entertainment;News;2820
2025;Marzo;D;General services;Online payment;85
2025;Marzo;D;Retail;Online trade;685
2025;Marzo;D;Retail;Tickets;72
2025;Marzo;D;General services;Transport;515
2025;Marzo;D;News and entertainment;Videos, music;1238
2025;Marzo;D;General services;Visualisations;54
2025;Marzo;D;News and entertainment;Vlogs;8
2025;Marzo;E;Websites and app;App design, developing;363
2025;Marzo;E;Cloud & Hosting;Backup services;30
2025;Marzo;E;Cloud & Hosting;Database services;94
2025;Marzo;E;Datamining & Big Data;Datamining & Big Data;352
2025;Marzo;E;Infrastructure and cybersecurity;Firewalls;218
2025;Marzo;E;Infrastructure and cybersecurity;Hardware;92
2025;Marzo;E;Marketing and consultancy;Internet consultancy;174
2025;Marzo;E;Marketing and consultancy;Internet marketing;1439
2025;Marzo;E;Software;Sofware services;391
2025;Marzo;E;Websites and app;Web design, developing;3176
2025;Marzo;E;Cloud & Hosting;Webhosting;682
2025;Abril;B;Pasiva (B1);;111369
2025;Abril;B;Activa (B2);;25546
2025;Abril;C;;;10728
2025;Abril;D;News and entertainment;Adult;74
2025;Abril;D;Business;Advertising;503
2025;Abril;D;Retail;Auctions;22
2025;Abril;D;News and entertainment;Blogs;12
2025;Abril;D;News and entertainment;Books;680
2025;Abril;D;Business;Consultancy;1667
2025;Abril;D;General services;Crowfunding;0
2025;Abril;D;General services;Dating;536
2025;Abril;D;News and entertainment;e-learning;281
2025;Abril;D;Business;Finance;823
2025;Abril;D;Leisure;Flights;149
2025;Abril;D;Leisure;Food;1271
2025;Abril;D;News and entertainment;Gambling;449
2025;Abril;D;News and entertainment;Games;147
2025;Abril;D;Leisure;Holidays;4960
2025;Abril;D;Leisure;Hotels;1585
2025;Abril;D;Retail;Housing;2572
2025;Abril;D;Business;Jobs;104
2025;Abril;D;News and entertainment;News;2883
2025;Abril;D;General services;Online payment;83
2025;Abril;D;Retail;Online trade;700
2025;Abril;D;Retail;Tickets;78
2025;Abril;D;General services;Transport;546
2025;Abril;D;News and entertainment;Videos, music;1233
2025;Abril;D;General services;Visualisations;51
2025;Abril;D;News and entertainment;Vlogs;7
2025;Abril;E;Websites and app;App design, developing;372
2025;Abril;E;Cloud & Hosting;Backup services;33
2025;Abril;E;Cloud & Hosting;Database services;97
2025;Abril;E;Datamining & Big Data;Datamining & Big Data;374
2025;Abril;E;Infrastructure and cybersecurity;Firewalls;230
2025;Abril;E;Infrastructure and cybersecurity;Hardware;96
2025;Abril;E;Marketing and consultancy;Internet consultancy;179
2025;Abril;E;Marketing and consultancy;Internet marketing;1497
2025;Abril;E;Software;Sofware services;407
2025;Abril;E;Websites and app;Web design, developing;3272
2025;Abril;E;Cloud & Hosting;Webhosting;675
2025;Mayo;B;Pasiva (B1);;112087
2025;Mayo;B;Activa (B2);;25692
2025;Mayo;C;;;10813
2025;Mayo;D;News and entertainment;Adult;83
2025;Mayo;D;Business;Advertising;512
2025;Mayo;D;Retail;Auctions;21
2025;Mayo;D;News and entertainment;Blogs;12
2025;Mayo;D;News and entertainment;Books;699
2025;Mayo;D;Business;Consultancy;1715
2025;Mayo;D;General services;Crowfunding;2
2025;Mayo;D;General services;Dating;546
2025;Mayo;D;News and entertainment;e-learning;284
2025;Mayo;D;Business;Finance;826
2025;Mayo;D;Leisure;Flights;148
2025;Mayo;D;Leisure;Food;1306
2025;Mayo;D;News and entertainment;Gambling;458
2025;Mayo;D;News and entertainment;Games;150
2025;Mayo;D;Leisure;Holidays;4981
2025;Mayo;D;Leisure;Hotels;1538
2025;Mayo;D;Retail;Housing;2621
2025;Mayo;D;Business;Jobs;116
2025;Mayo;D;News and entertainment;News;2922
2025;Mayo;D;General services;Online payment;77
2025;Mayo;D;Retail;Online trade;701
2025;Mayo;D;Retail;Tickets;86
2025;Mayo;D;General services;Transport;548
2025;Mayo;D;News and entertainment;Videos, music;1242
2025;Mayo;D;General services;Visualisations;51
2025;Mayo;D;News and entertainment;Vlogs;6
2025;Mayo;E;Websites and app;App design, developing;383
2025;Mayo;E;Cloud & Hosting;Backup services;34
2025;Mayo;E;Cloud & Hosting;Database services;100
2025;Mayo;E;Datamining & Big Data;Datamining & Big Data;375
2025;Mayo;E;Infrastructure and cybersecurity;Firewalls;238
2025;Mayo;E;Infrastructure and cybersecurity;Hardware;101
2025;Mayo;E;Marketing and consultancy;Internet consultancy;186
2025;Mayo;E;Marketing and consultancy;Internet marketing;1525
2025;Mayo;E;Software;Sofware services;415
2025;Mayo;E;Websites and app;Web design, developing;3373
2025;Mayo;E;Cloud & Hosting;Webhosting;657
2025;Junio;B;Pasiva (B1);;112610
2025;Junio;B;Activa (B2);;25803
2025;Junio;C;;;10706
2025;Junio;D;News and entertainment;Adult;77
2025;Junio;D;Business;Advertising;524
2025;Junio;D;Retail;Auctions;22
2025;Junio;D;News and entertainment;Blogs;10
2025;Junio;D;News and entertainment;Books;709
2025;Junio;D;Business;Consultancy;1722
2025;Junio;D;General services;Crowfunding;2
2025;Junio;D;General services;Dating;549
2025;Junio;D;News and entertainment;e-learning;276
2025;Junio;D;Business;Finance;850
2025;Junio;D;Leisure;Flights;157
2025;Junio;D;Leisure;Food;1308
2025;Junio;D;News and entertainment;Gambling;475
2025;Junio;D;News and entertainment;Games;143
2025;Junio;D;Leisure;Holidays;5081
2025;Junio;D;Leisure;Hotels;1557
2025;Junio;D;Retail;Housing;2655
2025;Junio;D;Business;Jobs;124
2025;Junio;D;News and entertainment;News;2973
2025;Junio;D;General services;Online payment;79
2025;Junio;D;Retail;Online trade;712
2025;Junio;D;Retail;Tickets;91
2025;Junio;D;General services;Transport;563
2025;Junio;D;News and entertainment;Videos, music;1238
2025;Junio;D;General services;Visualisations;51
2025;Junio;D;News and entertainment;Vlogs;7
2025;Junio;E;Websites and app;App design, developing;389
2025;Junio;E;Cloud & Hosting;Backup services;33
2025;Junio;E;Cloud & Hosting;Database services;108
2025;Junio;E;Datamining & Big Data;Datamining & Big Data;384
2025;Junio;E;Infrastructure and cybersecurity;Firewalls;246
2025;Junio;E;Infrastructure and cybersecurity;Hardware;108
2025;Junio;E;Marketing and consultancy;Internet consultancy;191
2025;Junio;E;Marketing and consultancy;Internet marketing;1523
2025;Junio;E;Software;Sofware services;429
2025;Junio;E;Websites and app;Web design, developing;3421
2025;Junio;E;Cloud & Hosting;Webhosting;646
2025;Julio;B;Pasiva (B1);;112689
2025;Julio;B;Activa (B2);;25491
2025;Julio;C;;;10606
2025;Julio;D;News and entertainment;Adult;68
2025;Julio;D;Business;Advertising;517
2025;Julio;D;Retail;Auctions;21
2025;Julio;D;News and entertainment;Blogs;10
2025;Julio;D;News and entertainment;Books;705
2025;Julio;D;Business;Consultancy;1688
2025;Julio;D;General services;Crowfunding;1
2025;Julio;D;General services;Dating;544
2025;Julio;D;News and entertainment;e-learning;286
2025;Julio;D;Business;Finance;847
2025;Julio;D;Leisure;Flights;164
2025;Julio;D;Leisure;Food;1343
2025;Julio;D;News and entertainment;Gambling;496
2025;Julio;D;News and entertainment;Games;147
2025;Julio;D;Leisure;Holidays;5125
2025;Julio;D;Leisure;Hotels;1562
2025;Julio;D;Retail;Housing;2627
2025;Julio;D;Business;Jobs;116
2025;Julio;D;News and entertainment;News;2949
2025;Julio;D;General services;Online payment;83
2025;Julio;D;Retail;Online trade;713
2025;Julio;D;Retail;Tickets;99
2025;Julio;D;General services;Transport;592
2025;Julio;D;News and entertainment;Videos, music;1238
2025;Julio;D;General services;Visualisations;53
2025;Julio;D;News and entertainment;Vlogs;6
2025;Julio;E;Websites and app;App design, developing;382
2025;Julio;E;Cloud & Hosting;Backup services;34
2025;Julio;E;Cloud & Hosting;Database services;100
2025;Julio;E;Datamining & Big Data;Datamining & Big Data;405
2025;Julio;E;Infrastructure and cybersecurity;Firewalls;260
2025;Julio;E;Infrastructure and cybersecurity;Hardware;102
2025;Julio;E;Marketing and consultancy;Internet consultancy;190
2025;Julio;E;Marketing and consultancy;Internet marketing;1496
2025;Julio;E;Software;Sofware services;424
2025;Julio;E;Websites and app;Web design, developing;3427
2025;Julio;E;Cloud & Hosting;Webhosting;653
